,long_url_len,has_at,has_dash,has_multi_dots,has_valid_auth,has_https,has_long_domain_register_period,has_long_domain_period,has_many_tags,redirect_status,is_good_at_alexa_traffic,is_in_dns_record,label
0,1,1,1,1,2,1,2,2,2,1,1,1,2
1,1,1,1,1,2,1,2,2,0,1,1,1,2
2,1,1,1,1,2,1,1,1,0,1,1,1,2
3,1,1,1,1,2,1,2,2,1,1,1,1,2
4,1,1,1,1,2,1,2,2,2,1,1,1,2
5,1,1,1,1,2,1,2,2,2,1,1,1,2
6,1,1,1,1,2,1,1,2,2,1,1,1,2
7,1,1,1,1,2,1,1,1,2,0,1,1,2
8,1,1,1,1,2,1,1,1,0,1,1,1,2
9,1,1,1,1,1,1,2,2,2,1,1,1,2
10,1,1,1,1,1,1,1,2,1,1,2,1,2
11,1,1,1,1,2,1,1,1,2,1,1,1,2
12,1,1,1,1,2,1,2,2,1,1,1,1,2
13,1,1,1,1,2,1,2,2,0,1,1,1,2
14,1,1,1,1,1,1,1,2,1,1,1,1,2
15,1,1,1,1,2,1,2,1,2,1,1,1,2
16,1,1,1,1,2,1,2,2,0,1,1,1,2
17,1,1,1,1,1,1,1,2,2,1,1,1,2
18,1,1,1,1,2,1,1,2,0,0,1,1,2
19,1,1,1,1,2,1,1,1,0,1,1,1,2
20,1,1,1,1,2,1,1,1,2,1,1,1,2
21,1,1,1,1,2,1,2,2,2,1,1,1,2
22,1,1,1,1,2,1,1,1,2,1,1,1,2
23,1,1,1,1,2,1,2,2,0,1,1,1,2
24,1,1,1,1,2,1,2,2,1,2,1,1,2
25,1,1,1,1,1,1,2,2,1,1,1,1,2
26,1,1,1,1,2,1,1,1,2,1,1,1,2
27,1,1,1,1,2,1,2,1,2,1,1,1,2
28,1,1,1,1,2,1,2,2,2,1,1,1,2
29,1,1,1,1,2,1,1,2,0,1,1,1,2
30,1,1,1,1,2,1,2,2,0,1,1,1,2
31,1,1,1,1,2,1,1,2,1,1,1,1,2
32,1,1,1,1,2,1,2,2,1,1,1,1,2
33,1,1,1,1,2,1,2,2,0,1,2,1,2
34,1,1,1,1,2,1,2,2,0,1,0,1,2
35,1,1,1,1,1,1,1,2,0,1,1,1,2
36,1,1,1,1,1,1,2,2,1,1,1,1,2
37,1,1,1,1,2,1,1,2,0,1,1,1,2
38,1,1,1,1,2,1,2,2,2,1,1,1,2
39,1,1,1,1,2,1,1,2,0,1,1,1,2
40,1,1,1,1,1,1,2,2,1,0,1,1,2
41,1,1,1,1,1,1,1,2,1,1,1,1,2
42,1,1,1,1,2,1,2,2,2,1,1,1,2
43,1,1,1,1,2,1,1,2,0,1,1,1,2
44,1,1,1,1,2,1,1,1,2,1,1,1,2
45,1,1,1,1,2,1,2,1,1,2,1,1,2
46,1,1,1,1,2,1,1,2,2,1,1,1,2
47,1,1,1,1,2,1,2,2,0,1,1,1,2
48,1,1,1,1,2,1,2,2,0,1,2,1,2
49,1,1,1,1,1,1,1,2,1,1,1,1,2
50,1,1,1,1,2,1,2,2,0,1,1,1,2
51,1,1,1,1,1,1,2,2,1,1,1,1,2
52,1,1,1,1,2,1,1,1,1,0,1,1,2
53,1,1,1,1,1,1,2,2,1,1,1,1,2
54,1,1,1,1,2,1,2,2,2,1,1,1,2
55,1,1,1,1,1,1,1,2,2,1,1,1,2
56,1,1,1,1,2,1,2,2,0,1,1,1,2
57,1,1,1,1,2,1,1,2,1,1,1,1,2
58,1,1,1,1,2,1,2,2,0,0,1,1,2
59,1,1,1,1,2,1,2,2,2,1,1,1,2
60,1,1,1,1,1,1,2,2,2,1,1,1,2
61,1,1,1,1,2,1,1,1,2,1,1,1,2
62,1,1,1,1,1,1,2,2,2,1,1,1,2
63,1,1,1,1,2,1,2,2,0,1,1,1,2
64,1,1,1,1,2,1,2,2,2,1,1,1,2
65,1,1,1,1,2,1,2,2,2,1,1,1,2
66,1,1,1,1,2,1,2,2,1,1,1,1,2
67,1,1,1,1,2,1,1,2,2,1,1,1,2
68,1,1,1,1,2,1,2,2,0,1,1,1,2
69,1,1,1,1,2,1,2,2,1,1,1,1,2
70,1,1,1,1,2,1,1,1,0,1,1,1,2
71,1,1,1,1,2,1,1,1,1,1,1,1,2
72,1,1,1,1,2,1,1,2,0,1,1,1,2
73,1,1,1,1,1,1,2,2,2,1,1,1,2
74,1,1,1,1,2,1,2,2,2,1,1,1,2
75,1,1,1,1,2,1,1,2,2,1,1,1,2
76,1,1,1,1,2,1,1,1,1,1,1,1,2
77,1,1,1,1,2,1,1,2,0,1,2,1,2
78,1,1,1,1,1,1,2,2,0,1,1,1,2
79,1,1,1,1,2,1,2,2,1,1,1,1,2
80,1,1,1,1,1,1,2,2,1,1,1,1,2
81,1,1,1,1,2,1,2,1,0,1,1,1,2
82,1,1,1,1,2,1,1,2,2,0,1,1,2
83,1,1,1,1,2,1,2,2,2,1,1,1,2
84,1,1,1,1,2,1,2,2,2,1,1,1,2
85,1,1,1,1,2,1,2,2,1,1,1,1,2
86,1,1,1,1,2,1,1,2,1,0,1,1,2
87,1,1,1,1,2,1,2,2,2,1,1,1,2
88,1,1,1,1,1,1,2,2,2,1,1,1,2
89,1,1,1,1,2,1,2,2,2,0,1,1,2
90,1,1,1,1,2,1,2,2,0,1,1,1,2
91,1,1,1,1,2,1,2,2,0,1,1,1,2
92,1,1,1,1,2,1,2,2,0,1,1,1,2
93,1,1,1,1,1,1,1,2,1,0,1,1,2
94,1,1,1,1,1,1,1,1,0,1,1,1,2
95,1,1,1,1,2,1,2,2,2,0,1,1,2
96,1,1,1,1,2,1,1,1,0,1,1,1,2
97,1,1,1,1,2,1,2,2,1,0,1,1,2
98,1,1,1,1,2,1,2,2,2,1,1,1,2
99,1,1,1,1,2,1,2,1,2,0,1,1,2
100,1,1,1,1,2,1,1,2,2,1,1,1,2
101,1,1,1,1,2,1,1,1,2,1,1,1,2
102,1,1,1,1,2,1,1,1,0,1,1,1,2
103,1,1,1,1,2,1,1,2,1,1,1,1,2
104,1,1,1,1,2,1,1,1,0,1,1,1,2
105,1,1,1,1,2,1,2,2,0,1,1,1,2
106,1,1,1,1,1,1,1,2,1,1,1,1,2
107,1,1,1,1,2,1,1,2,1,1,1,1,2
108,1,1,1,1,1,1,1,2,1,1,1,1,2
109,1,1,1,1,2,1,1,2,0,1,1,1,2
110,1,1,1,1,2,1,2,2,2,1,1,1,2
111,1,1,1,1,2,1,2,2,2,1,1,1,2
112,1,1,1,1,2,1,2,2,1,0,1,1,2
113,1,1,1,1,2,1,1,2,0,1,1,1,2
114,1,1,1,1,2,1,2,2,2,1,1,1,2
115,1,1,1,1,1,1,1,2,1,1,1,1,2
116,1,1,1,1,2,1,2,2,0,1,1,1,2
117,1,1,1,1,1,1,1,2,0,1,1,1,2
118,1,1,1,1,2,1,1,2,2,1,1,1,2
119,1,1,1,1,2,1,2,2,2,1,1,1,2
120,1,1,1,1,2,1,2,2,2,1,1,1,2
121,1,1,1,1,2,1,1,1,2,1,1,1,2
122,1,1,1,1,2,1,1,2,2,1,1,1,2
123,1,1,1,1,2,1,2,1,2,1,1,1,2
124,1,1,1,1,1,1,2,2,0,1,1,1,2
125,1,1,1,1,2,1,1,2,0,1,1,1,2
126,1,1,1,1,2,1,2,2,0,0,1,1,2
127,1,1,1,1,2,1,2,2,2,1,1,1,2
128,1,1,1,1,2,1,2,2,1,1,1,1,2
129,1,1,1,1,2,1,1,2,2,1,1,1,2
130,1,1,1,1,2,1,1,2,2,1,1,1,2
131,1,1,1,1,2,1,1,2,2,1,1,1,2
132,1,1,1,1,1,1,1,2,1,0,1,1,2
133,1,1,1,1,2,1,1,2,2,0,1,1,2
134,1,1,1,1,2,1,1,1,0,2,1,1,2
135,1,1,1,1,1,1,2,2,0,1,1,1,2
136,1,1,1,1,2,1,2,2,0,1,1,1,2
137,1,1,1,1,2,1,1,2,2,1,1,1,2
138,1,1,1,1,2,1,1,2,1,1,1,1,2
139,1,1,1,1,2,1,1,1,2,1,1,1,2
140,1,1,1,1,2,1,2,2,1,1,1,1,2
141,1,1,1,1,1,1,1,1,1,1,1,1,2
142,1,1,1,1,2,1,2,2,2,1,1,1,2
143,1,1,1,1,1,1,1,2,0,1,1,1,2
144,1,1,1,1,2,1,1,1,2,1,1,1,2
145,1,1,1,1,1,1,1,2,2,1,1,1,2
146,1,1,1,1,2,1,2,2,2,1,1,1,2
147,1,1,1,1,2,1,2,2,2,1,1,1,2
148,1,1,1,1,2,1,2,1,2,0,1,1,2
149,1,1,1,1,2,1,2,2,0,1,1,1,2
150,1,1,1,1,2,1,2,2,2,1,1,1,2
151,1,1,1,1,1,1,2,2,1,1,1,1,2
152,1,1,1,1,2,1,2,2,1,1,1,1,2
153,1,1,1,1,2,1,1,1,2,1,1,1,2
154,1,1,1,1,1,1,1,2,1,1,1,1,2
155,1,1,1,1,2,1,2,2,1,0,1,1,2
156,1,1,1,1,2,1,2,2,2,1,1,1,2
157,1,1,1,1,1,1,2,2,2,1,0,1,2
158,1,1,1,1,2,1,1,2,2,1,1,1,2
159,1,1,1,1,2,1,1,2,0,1,1,1,2
160,1,1,1,1,2,1,2,2,0,1,1,1,2
161,1,1,1,1,2,1,2,2,2,1,1,1,2
162,1,1,1,1,2,1,1,1,0,1,1,1,2
163,1,1,1,1,2,1,1,1,1,1,1,1,2
164,1,1,1,1,1,1,2,2,0,1,1,1,2
165,1,1,1,1,2,1,2,2,2,1,1,1,2
166,1,1,1,1,1,1,1,2,1,0,1,1,2
167,1,1,1,1,2,1,1,2,2,1,1,1,2
168,1,1,1,1,2,1,2,1,0,1,1,1,2
169,1,1,1,1,2,1,2,2,2,1,1,1,2
170,1,1,1,1,2,1,2,2,0,1,1,1,2
171,1,1,1,1,1,1,2,2,1,1,1,1,2
172,1,1,1,1,2,1,1,2,2,1,1,1,2
173,1,1,1,1,1,1,1,2,1,1,1,1,2
174,1,1,1,1,2,1,2,2,2,1,1,1,2
175,1,1,1,1,2,1,2,2,2,1,2,1,2
176,1,1,1,1,2,1,2,2,2,1,1,1,2
177,1,1,1,1,1,1,2,2,0,0,1,1,2
178,1,1,1,1,2,1,1,1,0,1,1,1,2
179,1,1,1,1,1,1,2,2,1,1,1,1,2
180,1,1,1,1,2,1,2,2,2,0,1,1,2
181,1,1,1,1,2,1,2,2,0,1,1,1,2
182,1,1,1,1,2,1,2,2,0,1,1,1,2
183,1,1,1,1,1,1,1,1,0,0,1,1,2
184,1,1,1,1,2,1,1,1,2,1,1,1,2
185,1,1,1,1,2,1,2,2,2,0,1,1,2
186,1,1,1,1,2,1,2,2,0,1,1,1,2
187,1,1,1,1,2,1,1,2,0,1,1,1,2
188,1,1,1,1,2,1,1,1,0,1,1,1,2
189,1,1,1,1,2,1,2,2,0,0,1,1,2
190,1,1,1,1,2,1,2,2,2,1,1,1,2
191,1,1,2,1,2,1,2,2,2,1,0,1,2
192,1,1,1,1,2,1,1,1,2,1,1,1,2
193,1,1,1,1,1,1,1,2,1,1,1,1,2
194,1,1,2,1,2,1,2,2,0,1,1,1,2
195,1,1,1,1,2,1,2,2,2,1,1,1,2
196,1,1,1,1,2,1,2,2,1,1,1,1,2
197,1,1,1,1,2,1,1,1,2,1,1,1,2
198,1,1,1,1,1,1,1,1,0,1,1,1,2
199,1,1,1,1,2,1,2,2,0,1,1,1,2
200,1,1,1,1,2,1,1,1,0,1,1,1,2
201,1,1,1,1,2,1,2,2,0,1,1,1,2
202,1,1,1,1,2,1,2,2,0,1,1,1,2
203,1,1,1,1,2,1,1,2,2,1,1,1,2
204,1,1,1,1,2,1,1,2,0,0,1,1,2
205,1,1,1,1,1,1,1,2,1,1,1,1,2
206,1,1,1,1,2,1,1,2,2,1,1,1,2
207,1,1,1,1,2,1,1,2,0,0,1,1,2
208,1,1,1,1,2,1,1,2,2,1,1,1,2
209,1,1,1,1,2,1,1,2,2,1,1,1,2
210,1,1,1,1,2,1,2,1,0,1,1,1,2
211,1,1,1,1,2,1,1,1,2,0,1,1,2
212,1,1,1,1,2,1,2,1,2,1,1,1,2
213,1,1,1,1,2,1,1,2,0,1,1,1,2
214,1,1,1,1,2,1,2,1,1,0,1,1,2
215,1,1,1,1,2,1,1,2,1,1,1,1,2
216,1,1,1,1,1,1,2,2,1,1,1,1,2
217,1,1,1,1,2,1,1,1,1,1,1,1,2
218,1,1,2,1,2,1,2,2,0,1,1,1,2
219,1,1,1,1,2,1,2,2,2,1,1,1,2
220,1,1,1,1,2,1,1,1,2,1,1,1,2
221,1,1,1,1,1,1,1,2,1,1,1,1,2
222,1,1,1,1,2,1,1,2,2,1,1,1,2
223,1,1,1,1,2,1,1,2,0,1,0,1,2
224,1,1,1,1,2,1,1,1,2,0,1,1,2
225,1,1,1,1,2,1,1,1,2,1,1,1,2
226,1,1,1,1,2,1,2,2,0,1,1,1,2
227,1,1,1,1,2,1,2,1,0,1,1,1,2
228,1,1,1,1,2,1,2,2,2,1,1,1,2
229,1,1,1,1,2,1,1,2,2,1,1,1,2
230,1,1,1,1,2,1,1,1,1,1,1,1,2
231,1,1,1,1,1,1,2,2,2,1,1,1,2
232,1,1,1,1,2,1,2,2,0,1,0,1,2
233,1,1,1,1,2,1,2,2,1,1,1,1,2
234,1,1,1,1,2,1,2,2,2,0,1,1,2
235,1,1,1,1,2,1,1,1,0,1,1,1,2
236,1,1,1,1,2,1,2,2,1,1,1,1,2
237,1,1,1,1,2,1,2,2,0,1,1,1,2
238,1,1,1,1,2,1,2,2,2,1,1,1,2
239,1,1,1,1,2,1,2,2,2,1,1,1,2
240,1,1,1,1,2,1,2,2,0,1,1,1,2
241,1,1,1,1,2,1,1,2,2,1,1,1,2
242,1,1,1,1,1,1,1,2,2,2,1,1,2
243,1,1,1,1,2,1,1,1,2,1,1,1,2
244,1,1,1,1,1,1,2,2,1,1,1,1,2
245,1,1,1,1,2,1,2,2,0,1,1,1,2
246,1,1,1,1,2,1,2,2,2,1,1,1,2
247,1,1,1,1,2,1,2,2,1,1,1,1,2
248,1,1,1,1,2,1,2,2,2,1,1,1,2
249,1,1,1,1,2,1,2,2,2,0,1,1,2
250,1,1,1,1,2,1,1,1,2,1,1,1,2
251,1,1,1,1,2,1,2,1,2,1,1,1,2
252,1,1,1,1,2,1,2,2,2,1,1,1,2
253,1,1,1,1,2,1,2,2,0,1,1,1,2
254,1,1,1,1,2,1,2,2,0,1,1,1,2
255,1,1,1,1,1,1,2,2,0,1,1,1,2
256,1,1,1,1,1,1,1,2,2,1,1,1,2
257,1,1,1,1,2,1,2,2,0,1,1,1,2
258,1,1,1,1,2,1,2,2,2,1,1,1,2
259,1,1,1,1,2,1,2,2,0,1,1,1,2
260,1,1,1,1,2,1,2,2,0,1,1,1,2
261,1,1,1,1,1,1,1,2,1,1,1,1,2
262,1,1,1,1,1,1,1,2,1,1,1,1,2
263,1,1,1,1,2,1,2,2,2,0,1,1,2
264,1,1,1,1,2,1,1,2,2,1,1,1,2
265,1,1,1,1,2,1,2,2,2,1,1,1,2
266,1,1,1,1,2,1,2,2,2,1,1,1,2
267,1,1,1,1,2,1,1,2,1,1,1,1,2
268,1,1,1,1,2,1,2,2,0,1,1,1,2
269,1,1,1,1,2,1,1,2,2,1,1,1,2
270,1,1,1,1,2,1,2,2,0,0,0,1,2
271,1,1,1,1,2,1,2,2,1,0,1,1,2
272,1,1,1,1,2,1,2,2,2,1,1,1,2
273,1,1,1,1,2,1,2,2,0,1,1,1,2
274,1,1,1,1,1,1,1,2,1,1,1,1,2
275,1,1,1,1,2,1,2,2,2,1,1,1,2
276,1,1,1,1,1,1,2,2,2,1,1,1,2
277,1,1,1,1,2,1,1,1,1,1,1,1,2
278,1,1,1,1,2,1,2,2,1,1,2,1,2
279,1,1,1,1,2,1,2,2,0,1,2,1,2
280,1,1,1,1,1,1,1,2,2,1,1,1,2
281,1,1,1,1,1,1,2,2,0,1,1,1,2
282,1,1,1,1,2,1,2,1,2,1,1,1,2
283,1,1,1,1,1,1,2,2,1,1,1,1,2
284,1,1,1,1,2,1,1,2,2,1,1,1,2
285,1,1,1,1,2,1,2,2,2,1,1,1,2
286,1,1,1,1,2,1,2,1,0,1,1,1,2
287,1,1,1,1,1,1,1,2,1,1,1,1,2
288,1,1,1,1,2,1,1,2,0,1,1,1,2
289,1,1,1,1,2,1,2,2,2,1,1,1,2
290,1,1,1,1,2,1,1,2,0,1,1,1,2
291,1,1,1,1,2,1,2,2,2,1,1,1,2
292,1,1,1,1,2,1,2,2,0,1,1,1,2
293,1,1,1,1,2,1,2,2,2,1,1,1,2
294,1,1,1,1,2,1,1,1,2,1,1,1,2
295,1,1,1,1,2,1,2,2,0,1,1,1,2
296,1,1,1,1,2,1,1,1,2,1,1,1,2
297,1,1,1,1,2,1,2,2,2,1,0,1,2
298,1,1,1,1,2,1,1,1,2,1,1,1,2
299,1,1,1,1,2,1,2,2,0,1,1,1,2
300,1,1,1,1,2,1,2,2,0,1,1,1,2
301,1,1,1,1,2,1,1,2,0,1,1,1,2
302,1,1,1,1,1,1,1,2,1,1,1,1,2
303,1,1,1,1,2,1,1,1,2,1,1,1,2
304,1,1,1,1,2,1,2,2,2,1,1,1,2
305,1,1,1,1,2,1,1,1,2,1,1,1,2
306,1,1,1,1,1,1,2,2,1,1,1,1,2
307,1,1,1,1,2,1,1,1,1,1,1,1,2
308,1,1,1,1,1,1,1,2,0,1,1,1,2
309,1,1,1,1,2,1,2,2,0,1,1,1,2
310,1,1,1,1,2,1,2,2,1,0,1,1,2
311,1,1,1,1,2,1,2,2,2,0,1,1,2
312,1,1,1,1,2,1,2,2,2,0,1,1,2
313,1,1,1,1,2,1,1,2,0,1,1,1,2
314,1,1,1,1,2,1,2,1,0,1,1,1,2
315,1,1,1,1,1,1,2,1,1,1,1,1,2
316,1,1,1,1,2,1,1,1,0,1,1,1,2
317,1,1,1,1,1,1,2,1,0,1,1,1,2
318,1,1,1,1,2,1,2,2,0,1,1,1,2
319,1,1,1,1,2,1,1,2,2,1,1,1,2
320,1,1,1,1,1,1,2,2,2,1,1,1,2
321,1,1,1,1,2,1,2,1,1,1,1,1,2
322,1,1,1,1,2,1,1,2,2,1,1,1,2
323,1,1,1,1,2,1,2,2,1,1,1,1,2
324,1,1,1,1,1,1,1,2,0,0,1,1,2
325,1,1,2,1,2,1,2,1,2,1,1,1,2
326,1,1,1,1,2,1,2,2,2,1,1,1,2
327,1,1,1,1,2,1,2,2,2,1,1,1,2
328,1,1,1,1,2,1,2,2,0,1,1,1,2
329,1,1,1,1,2,1,2,2,0,0,1,1,2
330,1,1,1,1,2,1,2,2,0,1,1,1,2
331,1,1,1,1,2,1,1,2,2,1,1,1,2
332,1,1,1,1,2,1,1,2,2,1,1,1,2
333,1,1,1,1,2,1,2,2,2,1,1,1,2
334,1,1,1,1,2,1,1,2,0,1,1,1,2
335,1,1,1,1,2,1,2,2,0,1,1,1,2
336,1,1,2,1,2,1,1,1,0,1,1,1,2
337,1,1,1,1,2,1,2,2,2,0,1,1,2
338,1,1,1,1,1,1,1,2,2,1,1,1,2
339,1,1,1,1,2,1,2,2,2,1,1,1,2
340,1,1,1,1,2,1,2,2,2,0,1,1,2
341,1,1,1,1,2,1,2,2,0,1,1,1,2
342,1,1,2,1,2,1,2,2,0,1,1,1,2
343,1,1,1,1,2,1,2,1,1,1,1,1,2
344,1,1,1,1,2,1,2,2,0,1,1,1,2
345,1,1,1,1,2,1,2,2,1,1,1,1,2
346,1,1,1,1,2,1,2,2,0,1,1,1,2
347,1,1,1,1,2,1,2,2,0,1,1,1,2
348,1,1,1,1,2,1,2,2,0,1,1,1,2
349,1,1,1,1,2,1,2,2,1,1,1,1,2
350,1,1,1,1,2,1,2,2,2,1,1,1,2
351,1,1,1,1,1,1,1,2,1,0,1,1,2
352,1,1,1,1,2,1,1,1,2,1,1,1,2
353,1,1,1,1,2,1,1,2,2,1,1,1,2
354,1,1,1,1,1,1,2,2,1,1,1,1,2
355,1,1,1,1,2,1,1,2,2,1,1,1,2
356,1,1,1,1,2,1,2,2,0,1,1,1,2
357,1,1,1,1,2,1,2,1,0,1,1,1,2
358,1,1,1,1,1,1,2,2,0,1,1,1,2
359,1,1,1,1,2,1,1,1,2,1,1,1,2
360,1,1,1,1,2,1,1,2,1,1,1,1,2
361,1,1,1,1,2,1,2,2,0,1,1,1,2
362,1,1,1,1,1,1,1,1,2,1,1,1,2
363,1,1,1,1,2,1,2,1,2,0,1,1,2
364,1,1,1,1,2,1,2,2,0,1,2,1,2
365,1,1,1,1,2,1,1,1,0,1,1,1,2
366,1,1,1,1,1,1,2,2,2,1,1,1,2
367,1,1,1,1,2,1,2,2,2,1,1,1,2
368,1,1,1,1,2,1,2,2,2,1,1,1,2
369,1,1,1,1,2,1,2,2,2,1,1,1,2
370,1,1,1,1,1,1,1,2,2,0,1,1,2
371,1,1,1,1,2,1,2,2,2,1,1,1,2
372,1,1,1,1,1,1,2,2,1,1,1,1,2
373,1,1,1,1,2,1,1,2,0,0,1,1,2
374,1,1,1,1,2,1,2,1,2,0,1,1,2
375,1,1,1,1,2,1,2,2,0,1,1,1,2
376,1,1,1,1,2,1,1,2,0,1,1,1,2
377,1,1,1,1,2,1,2,2,1,1,1,1,2
378,1,1,1,1,2,1,1,2,1,1,1,1,2
379,1,1,1,1,2,1,2,1,2,1,1,1,2
380,1,1,1,1,2,1,2,1,2,1,1,1,2
381,1,1,1,1,2,1,2,2,2,0,1,1,2
382,1,1,1,1,1,1,1,2,2,1,1,1,2
383,1,1,1,1,2,1,1,2,2,1,1,1,2
384,1,1,1,1,2,1,2,2,2,1,1,1,2
385,1,1,1,1,2,1,2,2,1,1,1,1,2
386,1,1,1,1,1,1,1,2,2,1,1,1,2
387,1,1,1,1,2,1,2,2,1,1,1,1,2
388,1,1,1,1,2,1,2,2,2,1,1,1,2
389,1,1,1,1,1,1,2,2,1,1,1,1,2
390,1,1,1,1,1,1,1,2,1,0,1,1,2
391,1,1,1,1,2,1,1,2,1,2,1,1,2
392,1,1,1,1,2,1,2,1,0,1,1,1,2
393,1,1,1,1,1,1,2,2,0,0,1,1,2
394,1,1,1,1,1,1,2,2,2,1,0,1,2
395,1,1,1,1,2,1,2,2,1,1,1,1,2
396,1,1,1,1,2,1,2,2,1,1,1,1,2
397,1,1,2,1,1,1,2,2,2,1,1,1,2
398,1,1,1,1,1,1,1,2,1,1,1,1,2
399,1,1,1,1,2,1,1,1,2,0,1,1,2
400,1,1,1,1,2,1,2,2,2,1,1,1,2
401,1,1,1,1,1,1,2,2,1,0,1,1,2
402,1,1,1,1,2,1,1,1,0,0,1,1,2
403,1,1,1,1,2,1,2,2,0,1,1,1,2
404,1,1,1,1,2,1,2,2,2,1,0,1,2
405,1,1,1,1,2,1,2,2,2,1,1,1,2
406,1,1,1,1,2,1,2,2,2,1,1,1,2
407,1,1,1,1,1,1,1,2,0,1,1,1,2
408,1,1,1,1,2,1,2,2,0,1,1,1,2
409,1,1,1,1,2,1,1,2,1,1,1,1,2
410,1,1,1,1,2,1,1,1,0,1,1,1,2
411,1,1,1,1,2,1,2,2,2,1,1,1,2
412,1,1,1,1,2,1,2,2,2,1,1,1,2
413,1,1,1,1,2,1,2,2,1,1,1,1,2
414,1,1,1,1,2,1,2,2,2,1,1,1,2
415,1,1,1,1,2,1,2,1,1,1,1,1,2
416,1,1,1,1,2,1,2,2,1,1,1,1,2
417,1,1,1,1,2,1,2,2,1,1,1,1,2
418,1,1,1,1,2,1,1,1,2,1,1,1,2
419,1,1,1,1,2,1,2,2,2,1,0,1,2
420,1,1,1,1,1,1,1,2,2,2,1,1,2
421,1,1,1,1,2,1,2,2,2,1,1,1,2
422,1,1,1,1,2,1,2,2,2,1,1,1,2
423,1,1,1,1,2,1,2,1,2,1,1,1,2
424,1,1,1,1,2,1,1,2,0,1,1,1,2
425,1,1,1,1,2,1,2,2,2,1,1,1,2
426,1,1,1,1,2,1,2,2,2,1,1,1,2
427,1,1,1,1,2,1,2,2,0,1,1,1,2
428,1,1,1,1,1,1,2,2,2,1,1,1,2
429,1,1,1,1,2,1,2,2,2,1,1,1,2
430,1,1,1,1,2,1,2,1,0,1,1,1,2
431,1,1,1,1,2,1,1,1,0,1,1,1,2
432,1,1,1,1,1,1,1,2,2,0,1,1,2
433,1,1,1,1,2,1,2,2,2,1,1,1,2
434,1,1,1,1,2,1,1,1,1,1,1,1,2
435,1,1,1,1,2,1,1,2,0,1,1,1,2
436,1,1,1,1,1,1,2,2,0,1,1,1,2
437,1,1,1,1,2,1,2,2,0,0,1,1,2
438,1,1,1,1,2,1,2,2,0,1,1,1,2
439,1,1,1,1,2,1,2,2,0,1,1,1,2
440,1,1,1,1,2,1,2,2,2,1,1,1,2
441,1,1,1,1,1,1,1,2,2,1,1,1,2
442,1,1,1,1,2,1,1,1,2,1,1,1,2
443,1,1,1,1,2,1,1,2,2,0,1,1,2
444,1,1,1,1,2,1,1,1,0,1,1,1,2
445,1,1,1,1,2,1,2,2,2,1,1,1,2
446,1,1,1,1,2,1,1,1,1,1,1,1,2
447,1,1,1,1,2,1,2,2,0,1,1,1,2
448,1,1,1,1,2,1,2,2,2,1,2,1,2
449,1,1,1,1,2,1,1,2,1,1,1,1,2
450,1,1,1,1,2,1,2,2,0,1,1,1,2
451,1,1,1,1,2,1,2,2,0,1,1,1,2
452,1,1,1,1,2,1,2,2,2,1,1,1,2
453,1,1,1,1,2,1,2,2,2,1,1,1,2
454,1,1,1,1,2,1,1,2,2,1,1,1,2
455,1,1,1,1,2,1,1,1,2,1,1,1,2
456,1,1,1,1,2,1,1,2,1,0,1,1,2
457,1,1,1,1,2,1,1,2,0,1,1,1,2
458,1,1,1,1,2,1,2,2,1,1,1,1,2
459,1,1,1,1,1,1,1,2,1,1,1,1,2
460,1,1,1,1,2,1,2,2,1,1,1,1,2
461,1,1,1,1,2,1,2,2,0,1,1,1,2
462,1,1,1,1,2,1,2,1,1,0,1,1,2
463,1,1,1,1,2,1,2,1,0,1,1,1,2
464,1,1,1,1,2,1,2,2,2,1,1,1,2
465,1,1,1,1,2,1,1,2,2,1,1,1,2
466,1,1,1,1,2,1,2,2,1,1,1,1,2
467,1,1,1,1,2,1,2,2,0,1,1,1,2
468,1,1,1,1,2,1,2,2,2,1,1,1,2
469,1,1,1,1,2,1,1,1,0,1,1,1,2
470,1,1,1,1,2,1,2,2,2,1,1,1,2
471,1,1,1,1,2,1,2,2,0,1,1,1,2
472,1,1,1,1,1,1,2,2,2,1,1,1,2
473,1,1,1,1,2,1,2,1,0,1,1,1,2
474,1,1,1,1,2,1,1,2,0,1,1,1,2
475,1,1,1,1,2,1,2,2,2,1,1,1,2
476,1,1,1,1,1,1,2,2,1,1,1,1,2
477,1,1,1,1,2,1,2,2,2,1,1,1,2
478,1,1,1,1,2,1,1,2,0,1,1,1,2
479,1,1,1,1,2,1,2,2,0,1,1,1,2
480,1,1,1,1,1,1,2,2,1,1,1,1,2
481,1,1,1,1,2,1,2,2,0,1,1,1,2
482,1,1,1,1,1,1,2,2,1,1,1,1,2
483,1,1,1,1,2,1,2,2,0,1,1,1,2
484,1,1,1,1,2,1,2,2,2,1,1,1,2
485,1,1,1,1,2,1,2,2,0,1,1,1,2
486,1,1,1,1,2,1,2,2,0,1,1,1,2
487,1,1,1,1,1,1,2,2,1,1,1,1,2
488,1,1,1,1,2,1,2,2,2,1,1,1,2
489,1,1,1,1,2,1,2,2,0,1,1,1,2
490,1,1,1,1,2,1,2,2,2,1,1,1,2
491,1,1,1,1,2,1,2,2,1,1,1,1,2
492,1,1,1,1,2,1,2,2,1,1,1,1,2
493,1,1,1,1,1,1,2,2,2,1,1,1,2
494,1,1,1,1,2,1,2,2,1,1,1,1,2
495,1,1,1,1,2,1,2,2,2,1,1,1,2
496,1,1,1,1,2,1,2,2,0,0,1,1,2
497,1,1,1,1,2,1,1,1,1,0,1,1,2
498,1,1,1,1,2,1,2,2,0,1,1,1,2
499,1,1,1,1,2,1,2,2,2,1,1,1,2
0,1,1,2,1,2,1,2,2,2,1,2,1,1
1,1,1,1,1,2,1,2,2,0,1,2,2,1
2,0,1,2,2,1,1,1,2,1,1,2,1,1
3,1,1,1,1,2,1,2,2,0,1,2,1,1
4,1,1,1,1,2,1,2,2,0,1,2,1,1
5,1,1,2,1,2,1,2,2,0,1,2,1,1
6,2,1,2,2,1,1,1,2,1,1,2,1,1
7,0,1,2,2,1,1,2,2,1,1,2,1,1
8,0,1,2,1,2,1,2,2,1,1,2,1,1
9,1,1,1,1,2,1,2,2,1,1,2,1,1
10,1,1,1,1,2,1,2,2,2,1,2,1,1
11,1,1,1,1,2,1,2,2,0,1,2,1,1
12,0,1,2,2,1,1,1,2,1,1,2,1,1
13,1,1,1,1,2,1,2,2,1,1,2,1,1
14,2,1,2,2,1,1,1,2,1,1,2,1,1
15,0,1,2,2,1,1,2,2,1,1,2,1,1
16,1,1,2,1,2,1,2,2,0,1,2,1,1
17,0,1,2,2,1,1,1,2,1,1,2,1,1
18,1,1,2,1,1,1,2,2,2,1,2,1,1
19,0,1,2,2,1,1,1,2,1,1,2,1,1
20,1,1,1,1,2,1,2,2,0,1,2,1,1
21,1,1,1,1,2,1,2,2,2,1,2,1,1
22,0,1,2,2,1,1,1,2,1,1,2,1,1
23,0,1,2,2,1,1,2,2,1,1,2,1,1
24,1,1,1,1,1,1,2,2,2,1,1,1,1
25,1,1,1,1,1,1,1,2,2,1,0,1,1
26,0,1,2,2,1,1,2,2,1,1,2,1,1
27,0,1,2,2,1,1,2,2,1,1,2,1,1
28,1,1,2,1,2,1,2,2,0,1,2,1,1
29,1,1,2,1,2,1,2,2,0,1,2,1,1
30,1,1,2,1,2,1,2,2,0,1,2,1,1
31,0,1,2,2,1,1,2,2,1,1,2,1,1
32,1,1,1,1,2,1,1,1,0,1,2,1,1
33,0,1,2,2,1,1,2,2,1,1,2,1,1
34,1,1,2,0,2,1,2,2,2,1,2,1,1
35,0,1,2,2,1,1,2,2,1,1,2,1,1
36,1,1,2,0,2,1,2,2,0,1,2,1,1
37,1,1,2,1,2,1,2,2,0,1,2,1,1
38,1,1,2,1,2,1,2,2,0,1,2,1,1
39,1,1,2,1,2,1,2,2,0,1,2,1,1
40,2,1,2,2,1,1,2,2,1,1,2,1,1
41,1,1,2,1,2,1,2,2,1,1,2,1,1
42,1,1,1,1,2,1,2,2,1,1,2,1,1
43,1,1,1,1,2,1,2,2,0,1,2,1,1
44,0,1,2,2,1,1,2,2,1,1,2,1,1
45,1,1,1,1,2,1,2,2,0,1,2,1,1
46,1,1,1,1,2,1,2,2,2,1,2,1,1
47,0,1,2,2,1,1,2,2,1,1,2,1,1
48,1,1,2,1,2,1,2,2,0,1,2,1,1
49,1,1,2,1,2,1,2,2,0,1,2,1,1
50,1,1,1,1,2,1,2,2,0,1,2,1,1
51,1,1,2,1,2,1,2,2,0,1,2,1,1
52,1,1,1,1,2,1,2,2,2,0,2,1,1
53,2,1,2,2,1,1,2,2,1,1,2,1,1
54,0,1,2,1,2,1,2,2,0,1,2,1,1
55,1,1,1,1,2,1,2,2,1,1,2,1,1
56,2,1,2,2,1,1,2,2,1,1,2,1,1
57,1,1,2,1,2,1,2,2,0,1,2,1,1
58,2,1,2,2,1,1,2,2,1,1,2,1,1
59,1,1,2,0,2,1,2,2,2,2,2,1,1
60,1,1,1,1,2,1,2,2,2,1,2,1,1
61,1,1,1,1,2,1,1,1,1,1,2,1,1
62,0,1,2,2,1,1,1,2,1,1,2,1,1
63,0,1,2,2,1,1,2,2,1,1,2,1,1
64,1,1,1,1,2,1,2,2,0,1,2,1,1
65,1,1,2,1,2,1,2,2,1,1,2,1,1
66,1,1,1,1,2,1,2,2,2,1,2,1,1
67,1,1,1,1,2,1,2,2,2,1,2,1,1
68,1,1,1,1,2,1,2,2,1,1,2,1,1
69,1,1,1,0,2,1,2,2,0,1,2,1,1
70,1,1,1,1,2,1,2,2,0,1,2,1,1
71,1,1,2,1,2,1,2,2,0,1,2,1,1
72,1,1,1,2,2,1,1,2,0,1,2,1,1
73,2,1,2,2,1,1,1,2,1,1,2,1,1
74,1,1,1,1,2,1,2,2,2,1,2,1,1
75,1,1,1,0,2,1,2,2,0,1,2,1,1
76,1,1,2,0,2,1,2,2,0,1,2,1,1
77,1,1,2,1,2,1,2,2,0,1,2,1,1
78,2,1,2,2,1,1,1,2,1,1,2,1,1
79,2,1,2,2,1,1,2,2,1,1,2,1,1
80,1,1,2,1,2,1,2,2,0,1,2,2,1
81,1,1,1,1,2,1,2,2,2,1,2,1,1
82,1,1,1,1,2,1,2,2,2,1,2,1,1
83,1,1,2,1,2,1,2,2,0,1,2,1,1
84,1,1,2,1,2,1,2,2,0,1,2,1,1
85,1,1,2,1,2,1,2,2,1,1,2,1,1
86,1,1,1,1,1,1,2,1,1,1,2,1,1
87,1,1,1,1,2,1,2,2,0,1,2,1,1
88,1,1,2,1,2,1,2,2,0,1,2,1,1
89,2,1,2,2,1,1,1,2,1,1,2,1,1
90,1,1,2,0,2,1,2,1,0,1,2,1,1
91,1,1,2,0,2,1,2,2,0,1,2,1,1
92,2,1,2,2,1,1,1,2,1,1,2,1,1
93,1,1,1,1,2,1,2,2,0,1,2,1,1
94,1,1,1,1,2,1,2,2,0,1,2,1,1
95,0,1,2,2,1,1,1,2,1,1,2,1,1
96,1,1,1,0,2,1,2,2,2,1,2,1,1
97,2,1,2,2,1,1,1,2,1,1,2,1,1
98,1,1,1,1,2,1,2,2,1,2,2,1,1
99,0,1,2,2,1,1,1,2,1,1,2,1,1
100,1,1,2,1,2,1,2,2,1,1,2,1,1
101,1,1,1,1,2,1,2,2,0,1,2,1,1
102,1,1,2,1,2,1,2,2,0,1,2,1,1
103,1,1,1,1,2,1,2,2,0,1,2,1,1
104,1,1,2,1,2,1,2,2,1,1,2,1,1
105,1,1,1,0,2,1,2,2,0,1,2,1,1
106,1,1,1,1,1,1,2,2,2,1,1,1,1
107,1,1,1,1,1,1,1,2,2,1,0,1,1
108,2,1,2,2,1,1,2,2,1,1,2,1,1
109,1,1,1,0,2,1,2,2,0,1,0,1,1
110,1,1,1,1,2,1,2,2,0,1,0,1,1
111,1,1,2,1,2,1,2,1,0,1,2,1,1
112,2,1,2,2,1,1,1,2,1,1,2,1,1
113,1,1,2,1,2,1,2,2,0,1,2,1,1
114,2,1,2,2,1,1,1,2,1,1,2,1,1
115,1,1,1,1,2,1,2,2,1,1,2,1,1
116,1,1,2,1,2,1,2,2,0,1,2,1,1
117,0,1,2,2,1,1,1,2,1,1,2,1,1
118,1,1,1,1,2,1,2,2,0,1,0,1,1
119,1,1,1,1,2,1,2,2,0,1,2,1,1
120,1,1,1,1,2,1,2,2,2,0,2,1,1
121,0,1,2,2,1,1,1,2,1,1,2,1,1
122,0,1,2,2,1,1,2,2,1,1,2,1,1
123,1,1,1,1,2,1,1,2,2,1,2,1,1
124,1,1,1,1,2,1,2,2,1,1,2,1,1
125,1,1,2,1,2,1,2,2,1,1,2,1,1
126,1,1,1,1,2,1,2,2,2,1,2,1,1
127,2,1,2,2,1,1,1,2,1,1,2,1,1
128,0,1,2,2,1,1,2,2,1,1,2,1,1
129,1,1,1,1,2,1,1,1,0,1,2,1,1
130,1,1,1,1,2,1,2,2,1,1,2,1,1
131,0,1,2,2,1,1,1,2,1,1,2,1,1
132,0,1,2,2,1,1,2,2,1,1,2,1,1
133,0,1,2,2,1,1,2,2,1,1,2,1,1
134,1,1,2,1,2,1,2,2,0,1,2,1,1
135,1,1,1,1,2,1,2,1,1,1,2,1,1
136,0,1,2,2,1,1,1,2,1,1,2,1,1
137,1,1,1,1,2,1,2,2,0,1,2,1,1
138,0,1,2,2,1,1,1,2,1,1,2,1,1
139,1,1,1,1,2,1,2,2,1,1,2,1,1
140,1,1,1,1,2,1,1,1,1,1,2,1,1
141,0,1,2,2,1,1,1,2,1,1,2,1,1
142,0,1,2,2,2,1,2,2,0,1,2,1,1
143,1,1,1,1,2,1,2,2,0,1,2,1,1
144,2,1,2,2,1,1,1,2,1,1,2,1,1
145,1,1,2,1,2,1,2,2,0,1,2,1,1
146,0,1,2,2,1,1,1,2,1,1,2,1,1
147,1,1,1,1,2,1,2,2,0,1,2,1,1
148,2,1,2,2,1,1,2,2,1,1,2,1,1
149,0,1,2,2,1,1,2,2,1,1,2,1,1
150,2,1,2,2,1,1,2,2,1,1,2,1,1
151,1,1,1,1,2,1,2,2,0,1,2,1,1
152,1,1,2,2,2,1,2,2,1,1,1,1,1
153,1,1,1,1,2,1,2,2,0,1,2,1,1
154,1,1,2,1,2,1,2,2,1,1,2,1,1
155,0,1,2,2,1,1,2,2,1,1,2,1,1
156,1,1,2,1,2,1,2,2,0,1,2,1,1
157,0,1,2,1,2,1,2,2,0,1,2,1,1
158,1,1,1,1,2,1,1,1,1,1,2,1,1
159,1,1,1,1,2,1,2,2,0,1,2,2,1
160,1,1,1,1,2,1,2,2,2,1,2,1,1
161,0,1,1,1,1,1,2,2,2,1,0,1,1
162,1,1,1,1,2,1,2,2,2,1,2,1,1
163,1,1,2,1,2,1,2,2,0,1,2,1,1
164,1,1,1,1,2,1,2,2,0,1,2,1,1
165,0,1,2,2,1,1,2,2,1,1,2,1,1
166,1,1,1,1,2,1,2,2,2,1,2,1,1
167,1,1,1,1,2,1,2,2,1,1,2,1,1
168,0,1,2,2,1,1,2,2,1,1,2,1,1
169,1,1,1,1,2,1,2,2,0,1,2,1,1
170,1,1,2,1,1,1,2,2,2,1,2,1,1
171,1,1,1,1,2,1,2,2,2,1,2,1,1
172,0,1,2,2,1,1,2,2,1,1,2,1,1
173,1,1,1,1,2,1,2,2,0,1,2,2,1
174,2,1,2,2,1,1,2,2,1,1,2,1,1
175,1,1,1,1,2,1,2,2,0,1,2,1,1
176,1,1,2,1,1,1,2,2,2,1,1,1,1
177,1,1,1,1,2,1,2,2,0,1,2,1,1
178,0,1,2,2,1,1,2,2,1,1,2,1,1
179,2,1,2,2,1,1,2,2,1,1,2,1,1
180,1,1,1,0,2,1,2,2,0,1,2,1,1
181,1,1,2,1,2,1,2,2,0,1,2,1,1
182,1,1,1,1,2,1,1,1,0,1,0,1,1
183,2,1,2,2,1,1,2,2,1,1,2,1,1
184,1,1,1,1,2,1,2,2,0,1,2,1,1
185,1,1,2,1,2,1,1,1,1,1,2,1,1
186,1,1,2,1,2,1,2,1,0,1,2,1,1
187,1,1,1,1,2,1,2,2,0,1,2,1,1
188,1,1,1,1,2,1,2,2,1,1,2,1,1
189,1,1,2,1,2,1,2,1,0,1,2,1,1
190,1,1,2,1,2,1,2,2,0,1,2,1,1
191,0,1,2,2,1,1,1,2,1,1,2,1,1
192,2,1,2,2,1,1,2,2,1,1,2,1,1
193,1,1,2,1,2,1,2,2,0,1,2,1,1
194,1,1,1,1,2,1,2,2,0,1,2,1,1
195,0,1,2,2,1,1,1,2,1,1,2,1,1
196,1,1,1,1,2,1,2,2,0,1,2,1,1
197,1,1,1,1,2,1,1,1,1,1,0,1,1
198,1,1,1,1,2,1,2,2,0,1,2,1,1
199,1,1,1,1,2,1,2,2,2,1,2,1,1
200,2,1,2,2,1,1,1,2,1,1,2,1,1
201,1,1,2,1,2,1,2,2,0,1,2,1,1
202,1,1,1,2,2,1,2,2,0,1,2,1,1
203,1,1,1,1,2,1,2,2,0,1,2,1,1
204,1,1,2,0,2,1,2,2,0,1,2,1,1
205,1,1,2,0,2,1,2,2,0,1,2,1,1
206,1,1,1,1,2,1,2,2,2,1,2,1,1
207,1,1,2,1,2,1,1,1,2,1,2,1,1
208,1,1,2,1,2,1,2,2,0,1,2,1,1
209,0,1,2,2,1,1,1,2,1,1,2,1,1
210,2,1,2,2,1,1,2,2,1,1,2,1,1
211,0,1,2,2,1,1,2,2,1,1,2,1,1
212,1,1,1,2,2,1,2,2,1,1,2,1,1
213,1,1,2,1,2,1,2,2,0,1,2,1,1
214,0,1,2,0,2,1,2,2,1,0,2,1,1
215,1,1,2,1,2,1,2,2,0,1,1,1,1
216,1,1,2,1,2,1,2,2,0,1,2,2,1
217,1,1,1,1,1,1,2,2,2,1,1,1,1
218,0,1,2,2,1,1,1,2,1,1,2,1,1
219,1,1,2,1,2,1,2,1,0,1,2,1,1
220,0,1,2,2,1,1,1,2,1,1,2,1,1
221,1,1,1,1,2,1,1,1,1,1,2,1,1
222,1,1,1,1,2,1,2,2,1,1,1,1,1
223,2,1,2,2,1,1,1,2,1,1,2,1,1
224,0,1,2,2,1,1,2,2,1,1,2,1,1
225,1,1,1,1,2,1,2,2,0,1,2,1,1
226,1,1,2,2,2,1,2,2,0,1,0,1,1
227,2,1,2,2,1,1,1,2,1,1,2,1,1
228,1,1,1,1,2,1,2,1,1,1,2,1,1
229,1,1,2,1,2,1,2,2,0,1,2,1,1
230,1,1,1,1,1,1,2,2,2,1,1,1,1
231,1,1,1,1,2,1,2,2,0,1,2,1,1
232,1,1,2,1,2,1,1,1,0,1,2,1,1
233,1,1,2,1,2,1,2,2,0,1,2,2,1
234,2,1,2,2,1,1,1,2,1,1,2,1,1
235,1,1,1,0,2,1,2,2,0,1,2,1,1
236,0,1,2,2,1,1,1,2,1,1,2,1,1
237,0,1,2,2,1,1,2,2,1,1,2,1,1
238,1,1,1,1,2,1,2,2,0,1,2,1,1
239,2,1,2,2,1,1,1,2,1,1,2,1,1
240,0,1,2,2,1,1,2,2,1,1,2,1,1
241,2,1,2,2,1,1,2,2,1,1,2,1,1
242,1,1,1,1,2,1,2,2,0,1,2,1,1
243,1,1,1,1,2,1,2,2,1,1,2,1,1
244,1,1,1,1,2,1,2,2,2,1,2,1,1
245,1,1,1,1,2,1,2,2,0,1,2,1,1
246,1,1,2,1,2,1,2,2,0,1,2,1,1
247,0,1,2,2,1,1,1,2,1,1,2,1,1
248,1,1,2,1,2,1,2,1,0,1,2,1,1
249,1,1,1,1,2,1,1,1,0,1,2,1,1
250,0,1,2,2,1,1,1,2,1,1,2,1,1
251,1,1,1,1,2,1,2,2,0,1,2,1,1
252,1,1,1,1,2,1,2,2,1,1,2,1,1
253,1,1,2,1,2,1,2,2,0,1,2,1,1
254,1,1,2,1,2,1,2,2,2,1,2,1,1
255,0,1,2,2,1,1,1,2,1,1,2,1,1
256,0,1,2,1,2,1,2,2,0,1,2,1,1
257,1,1,2,1,2,1,2,2,0,1,2,1,1
258,1,1,1,1,2,1,2,2,2,1,2,1,1
259,1,1,1,1,2,1,2,2,2,1,2,1,1
260,1,1,1,1,2,1,2,2,0,1,2,1,1
261,1,1,1,1,2,1,2,2,1,1,0,1,1
262,1,1,1,0,2,1,2,2,0,1,2,1,1
263,0,1,2,2,1,1,1,2,1,1,2,1,1
264,1,1,1,1,2,1,2,2,1,1,2,1,1
265,0,1,2,2,1,1,1,2,1,1,2,1,1
266,0,1,2,2,1,1,2,2,1,1,2,1,1
267,1,1,1,1,2,1,2,2,1,1,2,1,1
268,2,1,2,2,1,1,1,2,1,1,2,1,1
269,1,1,2,1,2,1,2,2,0,1,2,1,1
270,2,1,2,2,1,1,1,2,1,1,2,1,1
271,1,1,1,1,2,1,2,2,2,1,2,1,1
272,1,1,2,1,2,1,2,2,0,1,2,1,1
273,1,1,1,1,2,1,2,2,0,1,2,1,1
274,0,1,2,2,2,1,2,2,1,1,1,1,1
275,0,1,2,2,1,1,1,2,1,1,2,1,1
276,1,1,2,1,2,1,2,1,1,1,0,1,1
277,1,1,1,1,2,1,1,1,2,2,2,1,1
278,2,1,2,2,1,1,1,2,1,1,2,1,1
279,0,1,2,2,1,1,2,2,1,1,2,1,1
280,1,1,2,1,2,1,2,2,2,1,0,1,1
281,1,1,1,1,2,1,1,1,1,1,2,1,1
282,1,1,2,1,2,1,2,2,0,1,2,1,1
283,1,1,2,0,2,1,2,2,2,1,2,1,1
284,1,1,1,1,2,1,1,1,0,1,0,1,1
285,1,1,2,1,2,1,2,2,0,1,2,1,1
286,2,1,2,2,1,1,1,2,1,1,2,1,1
287,1,1,1,1,2,1,2,2,0,1,2,1,1
288,0,1,2,2,1,1,1,2,1,1,2,1,1
289,1,1,2,1,2,1,2,2,0,1,2,1,1
290,1,1,1,0,2,1,2,2,2,1,2,1,1
291,1,1,2,1,2,1,2,2,0,1,2,1,1
292,1,1,1,1,2,1,2,2,0,1,2,1,1
293,1,1,2,1,2,1,2,1,0,1,2,1,1
294,1,1,2,1,2,1,2,1,0,1,2,1,1
295,1,1,1,1,2,1,2,2,2,1,2,1,1
296,2,1,2,2,1,1,1,2,1,1,2,1,1
297,1,1,2,1,1,1,2,2,2,1,2,1,1
298,2,1,2,2,1,1,1,2,1,1,2,1,1
299,1,1,1,1,2,1,2,2,0,1,2,1,1
300,1,1,2,1,2,1,2,2,0,1,2,1,1
301,0,1,2,2,1,1,1,2,1,1,2,1,1
302,1,1,2,1,2,1,2,2,0,1,2,1,1
303,1,1,1,1,2,1,2,2,0,1,2,1,1
304,1,1,1,1,2,1,2,2,0,1,2,1,1
305,1,1,1,1,2,1,2,2,2,1,2,1,1
306,1,1,1,1,2,1,2,2,1,1,2,1,1
307,2,1,2,2,1,1,1,2,1,1,2,1,1
308,1,1,1,1,2,1,2,2,2,1,1,1,1
309,0,1,2,2,1,1,1,2,1,1,2,1,1
310,1,1,1,1,2,1,2,2,0,1,0,1,1
311,0,1,2,2,1,1,1,2,1,1,2,1,1
312,1,1,1,1,2,1,2,2,0,1,2,1,1
313,1,1,1,1,1,1,2,2,2,1,1,1,1
314,1,1,2,1,2,1,2,2,0,1,2,1,1
315,1,1,1,2,2,1,2,2,0,1,2,1,1
316,0,1,2,2,1,1,1,2,1,1,2,1,1
317,1,1,1,1,2,1,2,2,0,1,2,1,1
318,1,1,2,1,2,1,2,2,0,1,2,1,1
319,0,1,2,1,2,1,2,2,0,1,2,1,1
320,1,1,2,1,2,1,1,1,1,1,2,1,1
321,1,1,1,1,2,1,2,2,2,1,2,1,1
322,0,1,2,2,1,1,1,2,1,1,2,1,1
323,1,1,1,1,2,1,2,2,1,1,2,1,1
324,2,1,2,2,1,1,1,2,1,1,2,1,1
325,0,1,2,2,1,1,2,2,1,1,2,1,1
326,0,1,2,2,1,1,2,2,1,1,2,1,1
327,1,1,1,1,2,1,2,2,0,1,2,1,1
328,1,1,1,1,2,1,2,2,0,1,2,1,1
329,1,1,1,1,2,1,2,2,2,1,2,1,1
330,1,1,2,1,2,1,2,2,1,1,2,1,1
331,1,1,1,1,2,1,2,2,2,1,2,1,1
332,1,1,1,1,2,1,2,2,0,1,2,1,1
333,1,1,1,1,2,1,1,2,1,1,2,1,1
334,2,1,2,2,1,1,1,2,1,1,2,1,1
335,1,1,2,1,2,1,2,2,1,1,2,1,1
336,1,1,2,1,2,1,2,2,0,1,2,1,1
337,1,1,2,0,2,1,1,1,2,1,2,1,1
338,2,1,2,2,1,1,1,2,1,1,2,1,1
339,2,1,2,2,1,1,2,2,1,1,2,1,1
340,1,1,1,1,2,1,2,2,0,1,2,2,1
341,1,1,2,1,2,1,2,2,1,1,2,1,1
342,1,1,2,1,2,1,2,2,0,1,2,1,1
343,1,1,2,1,2,1,2,2,0,1,2,1,1
344,0,1,2,2,1,1,1,2,1,1,2,1,1
345,1,1,2,1,2,1,2,2,0,1,2,1,1
346,1,1,1,1,2,1,1,1,0,1,2,1,1
347,1,1,1,1,1,1,2,2,2,1,1,1,1
348,1,1,2,1,2,1,2,2,0,1,2,1,1
349,1,1,1,2,2,1,2,2,0,1,2,1,1
350,1,1,1,1,2,1,1,1,0,1,1,1,1
351,2,1,2,2,1,1,1,2,1,1,2,1,1
352,1,1,1,2,2,1,2,2,0,1,2,1,1
353,0,1,2,2,1,1,1,2,1,1,2,1,1
354,1,1,2,1,2,1,2,2,1,1,2,1,1
355,1,1,1,1,2,1,1,1,1,1,2,1,1
356,1,1,1,1,2,1,2,2,0,1,2,1,1
357,2,1,2,2,1,1,1,2,1,1,2,1,1
358,0,1,1,1,1,1,2,2,2,1,1,1,1
359,0,1,2,2,1,1,1,2,1,1,2,1,1
360,1,1,1,1,2,1,2,2,0,1,2,1,1
361,0,1,2,2,1,1,1,2,1,1,2,1,1
362,1,1,1,1,2,1,2,2,0,1,2,1,1
363,1,1,1,1,2,1,2,2,2,0,2,1,1
364,1,1,1,1,2,1,2,2,0,1,2,1,1
365,1,1,2,1,2,1,2,2,0,1,2,1,1
366,1,1,1,0,2,1,2,1,0,1,2,1,1
367,1,1,1,2,2,1,2,2,0,1,2,1,1
368,1,1,1,1,2,1,2,2,0,1,2,1,1
369,0,1,2,2,1,1,1,2,1,1,2,1,1
370,2,1,2,2,1,1,2,2,1,1,2,1,1
371,1,1,1,2,2,1,2,2,1,1,2,1,1
372,1,1,1,2,2,1,2,2,0,1,2,1,1
373,1,1,1,1,2,1,2,2,0,1,2,1,1
374,1,1,1,1,2,1,1,1,2,1,2,1,1
375,0,1,2,2,1,1,1,2,1,1,2,1,1
376,0,1,2,2,1,1,2,2,1,1,2,1,1
377,1,1,2,1,2,1,2,2,1,1,2,1,1
378,2,1,2,2,1,1,1,2,1,1,2,1,1
379,0,1,2,2,1,1,2,2,1,1,2,1,1
380,1,1,1,1,2,1,2,2,1,1,2,1,1
381,1,1,1,1,1,1,2,2,1,1,2,1,1
382,2,1,2,2,1,1,2,2,1,1,2,1,1
383,1,1,1,1,2,1,1,1,1,1,0,1,1
384,2,1,2,2,1,1,2,2,1,1,2,1,1
385,1,1,1,1,2,1,2,2,2,1,2,1,1
386,1,1,2,1,1,1,2,2,0,1,0,1,1
387,1,1,2,1,2,1,2,2,0,1,2,1,1
388,1,1,1,1,2,1,2,2,0,1,0,1,1
389,1,1,2,1,2,1,2,2,0,1,2,2,1
390,0,1,2,2,1,1,2,2,1,1,2,1,1
391,1,1,2,1,2,1,2,2,0,1,2,1,1
392,1,1,1,1,2,1,2,2,0,1,2,1,1
393,1,1,2,1,2,1,2,2,2,1,2,1,1
394,0,1,2,1,2,1,2,2,0,1,2,1,1
395,1,1,2,1,2,1,2,2,0,1,2,1,1
396,0,1,2,2,1,1,2,2,1,1,2,1,1
397,1,1,1,1,1,1,2,2,1,1,2,1,1
398,1,1,1,1,2,1,2,2,2,1,2,1,1
399,1,1,1,1,2,1,2,2,1,1,2,1,1
400,1,1,1,1,2,1,2,2,0,1,2,1,1
401,1,1,1,1,2,1,2,2,0,1,2,1,1
402,1,1,1,1,2,1,2,2,0,1,2,1,1
403,0,1,2,2,2,1,2,2,1,1,1,1,1
404,1,1,2,1,2,1,2,2,0,1,2,1,1
405,1,1,1,1,2,1,2,2,0,1,2,1,1
406,1,1,1,1,2,1,1,1,0,1,1,1,1
407,1,1,1,1,2,1,1,1,1,1,2,1,1
408,1,1,1,1,2,1,2,2,0,1,2,1,1
409,0,1,2,1,1,1,2,2,2,1,1,1,1
410,1,1,1,1,2,1,2,2,0,1,2,1,1
411,1,1,1,1,2,1,2,2,0,1,2,1,1
412,1,1,1,1,2,1,1,1,0,1,2,1,1
413,1,1,2,1,2,1,2,2,1,1,2,1,1
414,1,1,1,1,2,1,2,2,0,1,2,1,1
415,1,1,1,1,2,1,2,2,0,1,2,2,1
416,0,1,2,2,1,1,1,2,1,1,2,1,1
417,1,1,1,1,2,1,2,2,2,0,2,1,1
418,1,1,1,1,1,1,2,2,1,1,1,1,1
419,1,1,1,0,2,1,2,1,0,1,2,1,1
420,0,1,2,1,2,1,2,2,0,1,2,1,1
421,0,1,2,2,1,1,1,2,1,1,2,1,1
422,1,1,2,1,2,1,2,2,0,1,2,2,1
423,1,1,1,1,2,1,2,2,1,1,2,1,1
424,1,1,1,1,2,1,1,1,0,1,2,1,1
425,1,1,1,1,2,1,2,2,0,1,2,1,1
426,1,1,1,0,2,1,2,2,0,1,2,1,1
427,1,1,2,1,2,1,2,1,0,1,2,1,1
428,1,1,2,1,2,1,2,2,0,1,2,2,1
429,0,1,2,2,1,1,1,2,1,1,2,1,1
430,1,1,2,1,2,1,2,2,0,1,2,1,1
431,1,1,1,0,2,1,2,1,2,0,2,1,1
432,1,1,1,0,2,1,2,2,2,1,2,1,1
433,0,1,2,2,1,1,1,2,1,1,2,1,1
434,1,1,1,1,2,1,2,2,1,1,2,1,1
435,1,1,1,1,2,1,2,2,0,1,2,1,1
436,0,1,2,2,1,1,1,2,1,1,2,1,1
437,1,1,1,1,2,1,2,2,1,1,2,1,1
438,2,1,2,2,1,1,1,2,1,1,2,1,1
439,1,1,2,1,2,1,2,2,0,1,2,1,1
440,1,1,2,1,2,1,2,2,0,1,2,1,1
441,1,1,1,1,2,1,2,2,0,1,2,1,1
442,1,1,1,1,2,1,2,2,0,1,2,1,1
443,1,1,2,1,2,1,2,2,1,1,2,1,1
444,0,1,2,2,1,1,1,2,1,1,2,1,1
445,2,1,2,2,1,1,2,2,1,1,2,1,1
446,1,1,1,1,2,1,2,2,2,1,1,1,1
447,0,1,2,2,1,1,1,2,1,1,2,1,1
448,1,1,1,1,2,1,2,2,0,1,2,1,1
449,1,1,1,1,2,1,2,2,0,1,2,1,1
450,1,1,1,1,2,1,2,2,1,1,2,1,1
451,1,1,2,1,2,1,2,2,0,1,2,1,1
452,1,1,1,1,2,1,2,1,0,1,2,1,1
453,1,1,1,1,2,1,2,2,1,1,2,1,1
454,0,1,2,2,1,1,1,2,1,1,2,1,1
455,1,1,1,1,2,1,2,2,1,1,2,1,1
456,1,1,1,1,2,1,2,2,1,1,2,1,1
457,1,1,1,1,1,1,2,2,2,1,1,1,1
458,0,1,2,2,1,1,1,2,1,1,2,1,1
459,1,1,1,1,2,1,1,1,0,1,2,1,1
460,1,1,1,1,2,1,2,2,2,1,2,1,1
461,0,1,2,2,1,1,1,2,1,1,2,1,1
462,1,1,1,1,1,1,2,2,1,1,2,1,1
463,0,1,2,2,1,1,1,2,1,1,2,1,1
464,2,1,2,2,1,1,2,2,1,1,2,1,1
465,1,1,1,1,2,1,2,2,0,1,2,1,1
466,1,1,1,1,2,1,2,2,0,1,1,1,1
467,0,1,2,2,1,1,2,2,1,1,2,1,1
468,1,1,1,1,2,1,2,2,1,1,2,1,1
469,1,1,1,1,2,1,1,1,1,1,0,1,1
470,0,1,2,2,1,1,2,2,1,1,2,1,1
471,2,1,2,2,1,1,2,2,1,1,2,1,1
472,1,1,1,1,2,1,2,1,1,1,2,1,1
473,1,1,1,1,2,1,2,2,0,1,2,1,1
474,1,1,2,1,2,1,2,2,0,1,2,1,1
475,2,1,2,2,1,1,2,2,1,1,2,1,1
476,1,1,1,1,2,1,2,2,1,1,2,1,1
477,0,1,2,2,1,1,2,2,1,1,2,1,1
478,1,1,1,0,2,1,2,2,0,1,2,1,1
479,1,1,1,1,2,1,2,2,0,1,2,1,1
480,2,1,2,2,1,1,2,2,1,1,2,1,1
481,0,1,2,2,1,1,2,2,1,1,2,1,1
482,0,1,2,2,1,1,2,2,1,1,2,1,1
483,0,1,2,2,1,1,2,2,1,1,2,1,1
484,2,1,2,2,1,1,2,2,1,1,2,1,1
485,1,1,1,0,2,1,2,2,0,1,2,1,1
486,2,1,2,2,1,1,2,2,1,1,2,1,1
487,1,1,1,0,2,1,1,1,2,1,2,1,1
488,1,1,1,1,2,1,2,2,0,1,2,1,1
489,0,1,2,2,1,1,2,2,1,1,2,1,1
490,1,1,1,1,2,1,2,2,2,1,2,1,1
491,1,1,2,1,2,1,2,2,0,1,2,1,1
492,1,1,1,1,2,1,2,2,0,1,2,1,1
493,1,1,1,1,2,1,2,1,1,1,2,1,1
494,1,1,1,0,2,1,1,2,1,1,1,1,1
495,1,1,1,1,2,1,1,1,0,1,1,1,1
496,1,1,2,1,2,1,2,2,0,1,2,1,1
497,0,1,2,2,1,1,1,2,1,1,2,1,1
498,1,1,1,1,2,1,2,2,2,1,2,1,1
499,1,1,1,0,2,1,2,2,0,1,2,1,1
500,1,1,1,1,2,1,2,2,1,1,2,1,1
501,1,1,2,1,2,1,2,2,0,1,2,1,1
502,1,1,1,1,2,1,2,2,2,1,2,1,1
503,1,1,1,1,2,1,1,1,1,1,2,1,1
504,2,1,2,2,1,1,1,2,1,1,2,1,1
505,1,1,1,1,2,1,1,1,0,1,2,1,1
506,1,1,1,1,2,1,1,2,0,1,2,1,1
507,1,1,1,2,2,1,2,2,0,1,2,1,1
508,1,1,1,1,2,1,2,1,1,1,2,1,1
509,1,1,1,1,2,1,2,2,0,1,2,1,1
510,1,1,2,0,2,1,2,2,2,2,2,1,1
511,1,1,2,0,2,1,2,2,0,1,2,1,1
512,0,1,2,2,1,1,1,2,1,1,2,1,1
513,1,1,1,1,2,1,2,2,2,1,2,1,1
514,1,1,1,1,2,1,2,2,2,1,2,1,1
515,1,1,1,1,2,1,2,2,0,1,2,1,1
516,2,1,2,2,1,1,1,2,1,1,2,1,1
517,0,1,2,2,1,1,2,2,1,1,2,1,1
518,0,1,2,2,1,1,2,2,1,1,2,1,1
519,1,1,1,1,2,1,2,1,2,1,2,1,1
520,1,1,1,1,1,1,2,2,0,1,1,1,1
521,0,1,2,2,2,1,2,2,0,1,2,1,1
522,1,1,2,1,2,1,2,2,0,1,2,1,1
523,1,1,1,1,2,1,2,2,2,1,2,1,1
524,1,1,1,1,2,1,2,2,1,1,2,1,1
525,0,1,2,2,1,1,1,2,1,1,2,1,1
526,1,1,2,1,2,1,2,2,0,1,2,1,1
527,1,1,1,1,2,1,2,2,0,1,2,1,1
528,0,1,2,2,1,1,1,2,1,1,2,1,1
529,0,1,2,1,2,1,2,2,0,1,2,1,1
530,1,1,1,1,2,1,2,2,0,1,2,1,1
531,1,1,1,0,2,1,2,2,1,1,2,1,1
532,1,1,2,1,2,1,2,2,0,1,2,1,1
533,1,1,2,0,2,1,2,2,0,1,2,1,1
534,0,1,2,2,1,1,1,2,1,1,2,1,1
535,1,1,1,1,2,1,2,2,0,1,2,1,1
536,1,1,1,1,2,1,2,2,0,1,2,1,1
537,2,1,2,2,1,1,1,2,1,1,2,1,1
538,2,1,2,2,1,1,2,2,1,1,2,1,1
539,1,1,1,0,2,1,2,2,0,1,2,1,1
540,0,1,2,2,1,1,1,2,1,1,2,1,1
541,1,1,1,1,2,1,2,2,0,1,2,1,1
542,1,1,1,1,2,1,2,2,1,1,2,1,1
543,2,1,2,2,1,1,2,2,1,1,2,1,1
544,2,1,2,2,1,1,2,2,1,1,2,1,1
545,1,1,1,1,2,1,2,2,0,1,2,2,1
546,1,1,2,1,2,1,2,2,0,1,2,1,1
547,1,1,2,1,2,1,2,2,0,1,2,1,1
548,1,1,2,1,2,1,2,2,0,1,2,1,1
549,2,1,2,2,1,1,2,2,1,1,2,1,1
550,1,1,2,1,2,1,2,2,0,1,2,1,1
551,0,1,2,2,1,1,2,2,1,1,2,1,1
552,0,1,2,2,1,1,2,2,1,1,2,1,1
553,1,1,2,1,2,1,2,2,2,1,2,1,1
554,1,1,2,1,2,1,2,2,0,1,1,1,1
555,0,1,2,2,1,1,2,2,1,1,2,1,1
556,1,1,1,1,2,1,2,1,1,1,2,1,1
557,1,1,2,1,2,1,2,1,0,1,2,1,1
558,1,1,1,1,2,1,2,2,0,1,2,1,1
559,0,1,2,1,2,1,2,2,0,1,2,1,1
560,0,1,2,2,1,1,2,2,1,1,2,1,1
561,2,1,2,2,1,1,2,2,1,1,2,1,1
562,2,1,2,2,1,1,2,2,1,1,2,1,1
563,1,1,1,0,2,1,2,2,1,1,1,1,1
564,0,1,2,2,1,1,2,2,1,1,2,1,1
565,2,1,2,2,1,1,2,2,1,1,2,1,1
566,1,1,1,1,2,1,1,1,0,1,2,1,1
567,0,1,2,2,1,1,2,2,1,1,2,1,1
568,0,1,2,1,2,1,2,2,0,1,2,1,1
569,0,1,2,1,2,1,2,2,0,1,2,1,1
570,1,1,1,1,2,1,2,2,0,1,2,1,1
571,2,1,2,2,1,1,2,2,1,1,2,1,1
572,1,1,1,1,2,1,2,2,0,1,2,1,1
573,1,1,2,1,2,1,2,2,0,1,2,1,1
574,2,1,2,2,1,1,2,2,1,1,2,1,1
575,1,1,2,2,2,1,2,2,0,1,2,1,1
576,1,1,1,1,1,1,1,2,2,1,0,1,1
577,0,1,2,2,1,1,2,2,1,1,2,1,1
578,1,1,1,1,2,1,2,2,2,1,2,1,1
579,1,1,1,1,2,1,2,2,2,1,2,1,1
580,1,1,2,1,2,1,2,2,1,1,2,1,1
581,2,1,2,2,1,1,1,2,1,1,2,1,1
582,1,1,1,1,2,1,2,2,0,1,2,1,1
583,1,1,1,1,2,1,2,2,2,1,2,1,1
584,1,1,2,1,2,1,2,2,1,1,2,1,1
585,1,1,1,1,2,1,2,2,0,1,2,1,1
586,2,1,2,2,1,1,1,2,1,1,2,1,1
587,0,1,2,2,1,1,2,2,1,1,2,1,1
588,1,1,1,1,2,1,2,2,1,1,2,1,1
589,1,1,1,1,2,1,2,2,0,1,2,1,1
590,1,1,1,1,1,1,1,1,1,1,2,1,1
591,1,1,1,1,2,1,2,2,2,1,2,1,1
592,1,1,1,0,2,1,2,2,0,1,1,1,1
593,1,1,2,1,2,1,2,2,0,1,2,1,1
594,1,1,1,1,2,1,2,2,0,1,2,1,1
595,0,1,2,2,1,1,1,2,1,1,2,1,1
596,1,1,2,2,2,1,1,2,1,1,1,1,1
597,0,1,2,1,2,1,2,2,0,1,2,1,1
598,1,1,1,1,2,1,2,2,0,1,2,1,1
599,1,1,1,1,2,1,1,1,1,1,2,1,1
600,1,1,1,0,2,1,2,2,0,1,2,1,1
601,1,1,2,1,2,1,2,2,0,1,2,1,1
602,1,1,1,1,2,1,2,2,0,1,2,1,1
603,1,1,2,1,1,1,2,2,1,1,2,1,1
604,1,1,1,1,1,1,1,1,2,1,1,1,1
605,2,1,2,2,1,1,1,2,1,1,2,1,1
606,2,1,2,2,1,1,2,2,1,1,2,1,1
607,2,1,2,2,1,1,2,2,1,1,2,1,1
608,1,1,2,1,2,1,2,2,0,1,2,1,1
609,2,1,2,2,1,1,1,2,1,1,2,1,1
610,1,1,2,1,2,1,2,2,0,1,2,1,1
611,0,1,2,2,1,1,1,2,1,1,2,1,1
612,1,1,1,1,2,1,2,2,2,1,2,1,1
613,1,1,1,1,1,1,2,2,2,1,1,1,1
614,1,1,1,0,2,1,2,2,1,1,2,1,1
615,1,1,1,1,1,1,2,2,1,1,2,1,1
616,1,1,2,1,2,1,2,2,0,1,2,1,1
617,1,1,1,1,2,1,1,1,2,1,2,1,1
618,1,1,2,1,2,1,2,2,0,1,2,1,1
619,2,1,2,2,1,1,1,2,1,1,2,1,1
620,2,1,2,2,1,1,2,2,1,1,2,1,1
621,0,1,2,2,1,1,2,2,1,1,2,1,1
622,0,1,2,2,1,1,2,2,1,1,2,1,1
623,1,1,1,1,2,1,2,2,0,1,2,1,1
624,1,1,1,1,1,1,2,2,1,1,2,1,1
625,0,1,2,2,1,1,2,2,1,1,2,1,1
626,1,1,1,1,2,1,2,2,0,1,2,1,1
627,1,1,1,1,2,1,2,2,1,1,2,1,1
628,0,1,2,1,2,1,2,2,0,1,2,1,1
629,1,1,2,1,2,1,2,2,0,1,2,1,1
630,1,1,2,1,2,1,2,2,0,1,2,1,1
631,1,1,2,1,2,1,2,2,2,1,2,1,1
632,0,1,2,2,1,1,2,2,1,1,2,1,1
633,0,1,2,2,1,1,2,2,1,1,2,1,1
634,2,1,2,2,1,1,2,2,1,1,2,1,1
635,1,1,1,1,1,1,2,2,1,1,1,1,1
636,1,1,2,1,2,1,2,2,0,1,2,1,1
637,1,1,2,1,2,1,2,2,0,1,2,1,1
638,1,1,1,1,2,1,2,1,1,1,2,1,1
639,1,1,2,1,2,1,2,2,0,1,2,1,1
640,1,1,2,1,2,1,2,2,0,1,2,1,1
641,1,1,1,1,1,1,2,2,2,1,1,1,1
642,1,1,2,1,2,1,2,2,1,1,2,1,1
643,1,1,2,1,2,1,2,2,0,1,0,1,1
644,0,1,2,1,2,1,2,2,0,1,2,1,1
645,0,1,2,2,1,1,2,2,1,1,2,1,1
646,2,1,2,2,1,1,2,2,1,1,2,1,1
647,1,1,1,1,2,1,2,2,0,1,0,1,1
648,0,1,2,2,1,1,2,2,1,1,2,1,1
649,0,1,2,2,1,1,2,2,1,1,2,1,1
650,1,1,1,1,2,1,1,1,2,1,2,1,1
651,1,1,2,1,2,1,2,2,0,1,2,1,1
652,1,1,1,1,2,1,2,2,2,1,2,1,1
653,1,1,2,2,2,1,2,2,1,1,1,1,1
654,1,1,1,1,2,1,2,2,1,1,2,1,1
655,0,1,2,1,2,1,2,2,0,1,2,1,1
656,1,1,2,1,2,1,2,2,0,1,2,1,1
657,0,1,2,2,1,1,2,2,1,1,2,1,1
658,2,1,2,2,1,1,2,2,1,1,2,1,1
659,1,1,1,2,2,1,2,2,0,1,2,1,1
660,1,1,1,1,2,1,2,2,1,1,2,1,1
661,0,1,2,2,1,1,1,2,1,1,2,1,1
662,1,1,2,1,2,1,2,2,2,1,2,1,1
663,2,1,2,2,2,1,2,2,0,1,2,1,1
664,1,1,1,1,2,1,2,2,0,1,2,1,1
665,1,1,1,1,2,1,1,1,2,1,2,1,1
666,1,1,1,1,2,1,2,2,0,1,0,1,1
667,2,1,1,2,2,1,2,2,0,1,2,1,1
668,0,1,2,2,1,1,1,2,1,1,2,1,1
669,1,1,2,1,2,1,2,2,0,1,2,1,1
670,1,1,2,1,2,1,2,2,0,1,2,1,1
671,2,1,2,2,1,1,1,2,1,1,2,1,1
672,1,1,1,1,2,1,2,2,2,1,2,1,1
673,2,1,2,2,1,1,1,2,1,1,2,1,1
674,0,1,2,2,1,1,2,2,1,1,2,1,1
675,1,1,1,0,2,1,2,2,0,1,2,1,1
676,0,1,2,2,1,1,2,2,1,1,2,1,1
677,1,1,2,1,2,1,2,2,0,1,2,1,1
678,1,1,1,1,2,1,2,2,2,1,2,1,1
679,0,1,2,2,1,1,2,2,1,1,2,1,1
680,2,1,2,2,1,1,2,2,1,1,2,1,1
681,1,1,1,1,2,1,2,2,0,1,2,2,1
682,1,1,1,1,1,1,2,2,0,1,2,1,1
683,1,1,1,1,2,1,2,2,0,1,2,2,1
684,1,1,1,1,2,1,1,1,2,1,1,1,1
685,0,1,2,2,1,1,2,2,1,1,2,1,1
686,1,1,1,1,2,1,2,2,1,1,2,1,1
687,1,1,2,1,2,1,2,2,0,1,2,1,1
688,1,1,2,1,2,1,2,2,0,1,2,1,1
689,0,1,2,2,1,1,2,2,1,1,2,1,1
690,1,1,2,0,2,1,2,2,1,1,2,1,1
691,1,1,2,1,2,1,2,2,1,1,2,1,1
692,1,1,1,1,2,1,2,1,1,1,2,1,1
693,1,1,2,1,2,1,2,2,0,1,2,2,1
694,0,1,2,2,1,1,2,2,1,1,2,1,1
695,1,1,1,1,2,1,2,1,2,1,2,1,1
696,1,1,2,1,2,1,2,2,0,1,2,2,1
697,2,1,2,2,1,1,2,2,1,1,2,1,1
698,0,1,2,2,1,1,2,2,1,1,2,1,1
699,0,1,2,1,2,1,2,2,0,1,2,1,1
700,1,1,2,1,2,1,2,2,0,1,2,1,1
701,1,1,1,1,2,1,2,2,0,1,2,1,1
702,1,1,2,1,2,1,2,2,2,1,2,1,1
703,1,1,1,1,2,1,2,2,0,1,2,1,1
704,2,1,2,2,1,1,2,2,1,1,2,1,1
705,1,1,1,1,2,1,2,2,0,1,2,1,1
706,1,1,2,1,2,1,2,2,0,1,2,1,1
707,1,1,2,1,2,1,2,2,0,1,2,1,1
708,0,1,2,2,1,1,2,2,1,1,2,1,1
709,1,1,1,1,2,1,2,2,1,1,2,1,1
710,2,1,2,2,1,1,2,2,1,1,2,1,1
711,1,1,1,1,2,1,2,2,0,1,2,1,1
712,1,1,2,1,2,1,2,2,2,1,2,1,1
713,1,1,2,1,2,1,2,2,0,1,2,1,1
714,0,1,2,2,1,1,1,2,1,1,2,1,1
715,1,1,1,1,2,1,2,2,1,1,2,1,1
716,1,1,2,1,2,1,2,1,0,1,2,1,1
717,1,1,1,1,1,1,2,2,2,1,1,1,1
718,1,1,2,1,2,1,2,2,1,1,2,1,1
719,1,1,1,1,2,1,1,1,0,1,2,1,1
720,1,1,1,1,2,1,2,2,2,1,2,1,1
721,2,1,2,2,1,1,1,2,1,1,2,1,1
722,1,1,2,1,2,1,2,2,0,1,2,1,1
723,1,1,2,1,2,1,2,2,2,1,2,1,1
724,1,1,1,1,2,1,2,2,0,1,2,1,1
725,0,1,2,2,1,1,1,2,1,1,2,1,1
726,0,1,2,2,1,1,2,2,1,1,2,1,1
727,0,1,2,2,2,1,2,2,1,1,1,1,1
728,1,1,2,1,1,1,1,2,2,1,0,1,1
729,1,1,1,1,2,1,2,2,2,1,2,1,1
730,1,1,1,1,2,1,2,2,0,1,2,1,1
731,0,1,2,2,1,1,1,2,1,1,2,1,1
732,1,1,1,1,2,1,1,1,1,1,2,1,1
733,1,1,1,1,2,1,2,2,1,1,2,1,1
734,1,1,1,0,2,1,2,2,0,1,2,1,1
735,0,1,2,2,1,1,1,2,1,1,2,1,1
736,1,1,1,1,2,1,2,2,0,1,2,1,1
737,1,1,2,1,1,1,2,2,2,1,2,1,1
738,1,1,1,1,2,1,2,2,2,1,2,1,1
739,2,1,2,2,1,1,1,2,1,1,2,1,1
740,1,1,1,1,2,1,2,2,0,1,2,1,1
741,1,1,1,1,2,1,2,2,0,1,2,1,1
742,1,1,1,1,1,1,2,1,2,1,1,1,1
743,0,1,2,2,1,1,1,2,1,1,2,1,1
744,1,1,2,0,2,1,2,2,0,1,2,1,1
745,2,1,2,2,1,1,1,2,1,1,2,1,1
746,1,1,2,1,2,1,2,1,0,1,2,1,1
747,1,1,1,1,2,1,1,1,1,1,2,1,1
748,0,1,2,2,1,1,1,2,1,1,2,1,1
749,2,1,2,2,1,1,2,2,1,1,2,1,1
750,1,1,1,1,2,1,2,2,1,1,2,1,1
751,1,1,1,1,2,1,2,2,1,1,0,1,1
752,1,1,2,1,2,1,2,2,2,1,2,1,1
753,2,1,2,2,1,1,1,2,1,1,2,1,1
754,1,1,1,1,1,1,2,2,0,1,2,1,1
755,1,1,1,1,2,1,2,2,0,1,2,1,1
756,0,1,2,2,1,1,1,2,1,1,2,1,1
757,1,1,1,1,1,1,2,2,2,1,1,1,1
758,1,1,1,1,2,1,2,2,2,1,2,1,1
759,0,1,2,2,1,1,1,2,1,1,2,1,1
760,1,1,1,1,2,1,2,2,0,1,2,1,1
761,1,1,2,1,2,1,2,2,0,1,2,1,1
762,0,1,2,2,1,1,1,2,1,1,2,1,1
763,2,1,2,2,1,1,2,2,1,1,2,1,1
764,1,1,1,1,2,1,1,1,0,1,2,1,1
765,1,1,2,1,2,1,2,2,1,1,2,1,1
766,1,1,2,1,2,1,2,2,0,1,2,1,1
767,0,1,2,2,1,1,1,2,1,1,2,1,1
768,0,1,2,2,1,1,2,2,1,1,2,1,1
769,1,1,2,1,2,1,2,2,2,1,2,1,1
770,1,1,1,1,2,1,2,2,1,1,2,1,1
771,1,1,2,1,2,1,2,2,0,1,2,1,1
772,2,1,2,2,1,1,1,2,1,1,2,1,1
773,0,1,2,2,1,1,2,2,1,1,2,1,1
774,2,1,2,2,1,1,2,2,1,1,2,1,1
775,1,1,1,1,1,1,2,2,2,1,1,1,1
776,1,1,2,1,2,1,2,2,2,1,2,1,1
777,2,1,2,2,1,1,2,2,1,1,2,1,1
778,1,1,2,1,2,1,2,2,0,1,2,1,1
779,2,1,2,2,1,1,2,2,1,1,2,1,1
780,1,1,1,1,1,1,2,2,1,1,2,1,1
781,0,1,2,1,2,1,2,2,0,1,2,1,1
782,1,1,1,1,2,1,2,2,1,1,2,1,1
783,1,1,2,2,2,1,2,2,0,1,2,2,1
784,1,1,2,1,2,1,2,1,0,1,2,1,1
785,2,1,2,2,1,1,2,2,1,1,2,1,1
786,2,1,2,2,1,1,2,2,1,1,2,1,1
787,0,1,2,2,1,1,2,2,1,1,2,1,1
788,2,1,2,2,1,1,2,2,1,1,2,1,1
789,0,1,2,2,1,1,2,2,1,1,2,1,1
790,0,1,2,2,1,1,2,2,1,1,2,1,1
791,0,1,1,2,2,1,2,2,2,1,2,1,1
792,2,1,2,2,1,1,2,2,1,1,2,1,1
793,1,1,1,1,2,1,2,2,0,1,2,1,1
794,1,1,1,1,1,1,2,2,2,1,1,1,1
795,1,1,1,1,2,1,2,2,0,1,2,1,1
796,1,1,1,1,2,1,2,2,0,1,2,1,1
797,1,1,1,1,2,1,2,2,0,1,2,1,1
798,1,1,1,0,2,1,2,2,0,1,0,1,1
799,0,1,2,2,1,1,2,2,1,1,2,1,1
800,0,1,2,2,1,1,2,2,1,1,2,1,1
801,0,1,2,2,1,1,2,2,1,1,2,1,1
802,2,1,2,2,1,1,2,2,1,1,2,1,1
803,1,1,2,2,2,1,2,2,0,1,2,1,1
804,0,1,2,2,1,1,2,2,1,1,2,1,1
805,1,1,2,1,2,1,2,2,0,1,2,1,1
806,1,1,2,1,2,1,2,2,0,1,2,1,1
807,0,1,2,2,1,1,2,2,1,1,2,1,1
808,1,1,1,1,2,1,2,2,1,1,2,1,1
809,1,1,1,1,2,1,2,2,2,1,2,1,1
810,1,1,1,1,2,1,2,2,2,1,2,1,1
811,1,1,2,1,2,1,2,2,0,1,2,1,1
812,1,1,1,0,1,1,2,2,0,1,2,1,1
813,1,1,1,1,1,1,1,2,1,1,1,1,1
814,1,1,2,1,2,1,2,2,0,1,2,2,1
815,1,1,1,1,2,1,2,2,0,1,2,1,1
816,1,1,2,1,2,1,2,2,0,1,2,1,1
817,1,1,1,1,2,1,2,2,1,1,2,1,1
818,1,1,1,1,2,1,2,2,1,1,1,1,1
819,0,1,2,2,1,1,1,2,1,1,2,1,1
820,0,1,2,2,1,1,2,2,1,1,2,1,1
821,0,1,2,2,1,1,2,2,1,1,2,1,1
822,1,1,2,0,2,1,2,1,0,1,2,1,1
823,1,1,2,0,2,1,2,2,1,1,2,1,1
824,1,1,2,1,2,1,2,2,0,1,2,1,1
825,1,1,1,1,1,1,1,1,1,1,2,1,1
826,1,1,2,1,2,1,2,2,0,1,2,1,1
827,1,1,1,2,2,1,2,2,0,1,2,1,1
828,1,1,2,1,2,1,2,1,0,1,2,1,1
829,0,1,2,2,1,1,1,2,1,1,2,1,1
830,1,1,2,1,2,1,2,2,2,1,2,1,1
831,2,1,2,2,2,1,1,2,1,1,1,1,1
832,1,1,2,1,2,1,2,2,0,1,2,2,1
833,1,1,1,1,1,1,2,2,2,1,1,1,1
834,1,1,1,1,2,1,2,2,0,1,2,1,1
835,1,1,1,0,2,1,2,2,2,1,2,1,1
836,1,1,1,1,2,1,2,2,0,1,2,1,1
837,1,1,1,1,2,1,2,1,0,1,2,1,1
838,1,1,1,1,2,1,2,2,0,1,2,1,1
839,1,1,1,1,2,1,2,2,0,1,2,1,1
840,1,1,2,1,2,1,2,2,0,1,2,1,1
841,1,1,1,1,2,1,2,2,2,1,2,1,1
842,1,1,1,1,2,1,2,2,0,1,2,1,1
843,1,1,2,1,2,1,2,2,2,1,2,1,1
844,1,1,2,1,2,1,2,2,2,1,2,1,1
845,1,1,2,1,2,1,2,2,0,1,2,1,1
846,0,1,2,2,1,1,1,2,1,1,2,1,1
847,1,1,2,1,2,1,2,2,0,1,2,1,1
848,1,1,1,1,2,1,2,2,2,1,2,1,1
849,2,1,2,2,1,1,1,2,1,1,2,1,1
850,1,1,1,1,2,1,2,2,0,1,2,1,1
851,1,1,1,2,2,1,1,2,2,1,2,1,1
852,1,1,2,1,2,1,2,2,0,1,2,1,1
853,1,1,1,1,2,1,2,2,0,1,2,1,1
854,1,1,1,1,2,1,2,2,2,0,2,1,1
855,1,1,1,1,2,1,2,2,0,1,2,1,1
856,1,1,2,1,2,1,2,2,0,1,2,1,1
857,2,1,2,2,1,1,1,2,1,1,2,1,1
858,0,1,2,2,1,1,2,2,1,1,2,1,1
859,0,1,2,2,1,1,2,2,1,1,2,1,1
860,1,1,1,1,2,1,2,2,0,1,1,1,1
861,1,1,1,0,2,1,2,2,0,1,2,1,1
862,0,1,2,2,1,1,1,2,1,1,2,1,1
863,2,1,2,2,1,1,2,2,1,1,2,1,1
864,1,1,1,0,2,1,2,2,0,1,2,1,1
865,1,1,1,1,2,1,2,2,0,1,2,2,1
866,2,1,2,2,1,1,1,2,1,1,2,1,1
867,1,1,1,1,1,1,2,2,2,1,1,1,1
868,1,1,1,1,2,1,2,2,1,1,2,1,1
869,0,1,2,2,1,1,1,2,1,1,2,1,1
870,1,1,1,1,2,1,2,1,1,1,2,1,1
871,1,1,1,1,2,1,2,2,0,1,2,1,1
872,2,1,2,2,1,1,1,2,1,1,2,1,1
873,1,1,2,1,2,1,2,2,0,1,2,1,1
874,0,1,2,2,1,1,1,2,1,1,2,1,1
875,1,1,1,1,2,1,2,2,0,1,2,1,1
876,0,1,2,1,2,1,2,2,0,1,2,1,1
877,0,1,2,2,1,1,1,2,1,1,2,1,1
878,1,1,1,1,2,1,2,2,0,1,2,1,1
879,1,1,1,1,1,1,1,2,1,1,2,1,1
880,1,1,1,1,1,1,2,2,2,1,0,1,1
881,1,1,1,2,2,2,1,1,1,1,2,1,1
882,1,1,1,1,2,1,2,2,2,1,2,1,1
883,1,1,1,1,1,1,2,2,2,1,1,1,1
884,0,1,2,2,1,1,1,2,1,1,2,1,1
885,0,1,1,2,2,1,2,2,2,1,2,1,1
886,0,1,2,2,1,1,1,2,1,1,2,1,1
887,2,1,2,2,1,1,2,2,1,1,2,1,1
888,1,1,2,0,2,1,2,2,0,1,2,1,1
889,0,1,2,2,1,1,1,2,1,1,2,1,1
890,0,1,2,2,1,1,2,2,1,1,2,1,1
891,1,1,2,1,2,1,2,2,0,1,2,2,1
892,0,1,2,2,1,1,2,2,1,1,2,1,1
893,1,1,2,0,2,1,2,2,1,1,2,1,1
894,1,1,2,1,2,1,2,2,0,1,2,1,1
895,1,1,1,1,2,1,2,2,2,1,2,1,1
896,1,1,1,2,2,1,2,2,0,1,2,1,1
897,1,1,1,1,2,1,2,2,0,1,2,1,1
898,1,1,1,1,1,1,2,2,0,1,2,1,1
899,1,1,1,1,2,1,2,2,1,1,2,1,1
900,2,1,2,2,1,1,1,2,1,1,2,1,1
901,1,1,1,1,2,1,2,2,0,1,2,1,1
902,0,1,2,2,1,1,1,2,1,1,2,1,1
903,2,1,2,2,1,1,2,2,1,1,2,1,1
904,0,1,2,2,1,1,2,2,1,1,2,1,1
905,1,1,1,1,2,1,2,2,2,1,2,1,1
906,1,1,1,1,1,1,2,2,2,1,1,1,1
907,0,1,2,2,1,1,2,2,1,1,2,1,1
908,0,1,2,2,1,1,2,2,1,1,2,1,1
909,0,1,2,2,1,1,2,2,1,1,2,1,1
910,0,1,2,2,1,1,2,2,1,1,2,1,1
911,1,1,1,1,1,1,2,2,2,1,1,1,1
912,1,1,1,1,2,1,2,2,2,1,2,1,1
913,0,1,1,2,2,1,2,2,2,1,1,1,1
914,0,1,2,2,1,1,2,2,1,1,2,1,1
915,1,1,2,2,2,1,2,2,1,1,1,1,1
916,1,1,1,1,2,1,2,2,0,1,2,1,1
917,1,1,2,1,2,1,2,2,0,1,2,1,1
918,2,1,2,2,1,1,2,2,1,1,2,1,1
919,1,1,1,1,2,1,2,2,0,1,2,1,1
920,0,1,2,2,1,1,2,2,1,1,2,1,1
921,1,1,1,1,2,1,2,2,0,1,2,1,1
922,1,1,1,1,2,1,2,2,0,1,2,1,1
923,1,1,1,1,2,1,2,2,0,1,2,1,1
924,1,1,1,1,2,1,2,2,1,1,2,1,1
925,1,1,1,0,2,1,2,2,0,1,2,1,1
926,1,1,2,1,2,1,2,2,0,1,2,1,1
927,0,1,2,2,1,1,2,2,1,1,2,1,1
928,2,1,2,2,1,1,2,2,1,1,2,1,1
929,1,1,2,1,2,1,2,2,0,1,2,1,1
930,1,1,2,0,2,1,2,2,1,1,2,1,1
931,1,1,1,1,1,1,2,2,1,1,1,1,1
932,0,1,2,2,1,1,2,2,1,1,2,1,1
933,2,1,2,2,2,1,2,2,1,1,1,1,1
934,1,1,1,1,2,1,2,2,0,1,2,1,1
935,1,1,1,2,2,1,2,2,2,0,2,1,1
936,1,1,1,1,2,1,2,2,0,1,2,1,1
937,1,1,1,1,2,1,1,1,0,1,2,1,1
938,1,1,1,1,2,1,1,1,0,1,2,1,1
939,1,1,1,1,1,1,2,2,2,1,1,1,1
940,0,1,2,2,1,1,2,2,1,1,2,1,1
941,1,1,2,1,2,1,2,2,0,1,2,2,1
942,1,1,2,1,2,1,2,2,0,1,2,1,1
943,1,1,1,1,2,1,2,2,1,1,2,1,1
944,1,1,2,1,2,1,2,2,0,1,2,1,1
945,1,1,2,1,2,1,2,2,0,1,2,1,1
946,1,1,1,1,2,1,1,1,0,1,2,1,1
947,0,1,2,2,1,1,1,2,1,1,2,1,1
948,0,1,2,2,2,1,2,2,1,1,1,1,1
949,0,1,2,2,1,1,1,2,1,1,2,1,1
950,1,1,1,1,2,1,2,2,0,1,2,1,1
951,1,1,2,1,2,1,2,2,0,1,2,2,1
952,0,1,2,2,1,1,1,2,1,1,2,1,1
953,1,1,2,1,1,1,2,2,2,1,1,1,1
954,1,1,2,1,2,1,2,2,0,1,2,1,1
955,0,1,2,1,1,1,1,1,2,1,0,1,1
956,0,1,2,2,1,1,1,2,1,1,2,1,1
957,0,1,2,2,1,1,2,2,1,1,2,1,1
958,0,1,2,2,1,1,2,2,1,1,2,1,1
959,1,1,2,1,2,1,2,1,0,1,2,1,1
960,1,1,1,1,2,1,2,2,0,1,2,1,1
961,1,1,2,1,2,1,2,2,1,1,2,1,1
962,0,1,2,2,1,1,1,2,1,1,2,1,1
963,2,1,2,2,1,1,2,2,1,1,2,1,1
964,1,1,1,1,2,1,2,2,1,1,2,1,1
965,1,1,1,1,2,1,2,2,0,1,2,1,1
966,0,1,2,2,1,1,2,2,1,1,2,1,1
967,1,1,2,1,2,1,2,2,2,1,2,1,1
968,1,1,2,1,2,1,1,1,2,1,2,1,1
969,0,1,2,2,1,1,2,2,1,1,2,1,1
970,1,1,2,0,2,1,2,2,2,1,2,1,1
971,1,1,1,1,2,1,2,2,1,1,2,1,1
972,1,1,1,1,2,1,2,2,0,1,2,1,1
973,0,1,2,2,1,1,2,2,1,1,2,1,1
974,1,1,2,1,2,1,2,2,1,1,2,1,1
975,1,1,2,1,2,1,2,2,0,1,2,1,1
976,2,1,2,2,1,1,2,2,1,1,2,1,1
977,0,1,2,2,1,1,2,2,1,1,2,1,1
978,0,1,2,2,1,1,2,2,1,1,2,1,1
979,1,1,1,1,2,1,2,2,0,1,2,1,1
980,1,1,1,1,2,1,2,2,2,1,2,1,1
981,1,1,1,1,2,1,2,2,0,1,2,1,1
982,1,1,1,1,2,1,2,2,1,1,2,1,1
983,0,1,2,1,2,1,2,2,0,1,2,1,1
984,0,1,2,2,1,1,2,2,1,1,2,1,1
985,1,1,2,1,2,1,2,2,2,1,2,1,1
986,1,1,2,1,2,1,2,2,0,1,2,1,1
987,0,1,2,2,1,1,2,2,1,1,2,1,1
988,1,1,2,1,2,1,2,2,0,1,2,1,1
989,0,1,2,2,1,1,2,2,1,1,2,1,1
990,1,1,2,1,2,1,2,2,2,1,2,1,1
991,2,1,2,2,1,1,2,2,1,1,2,1,1
992,1,1,2,1,2,1,2,2,0,1,2,1,1
993,0,1,2,2,1,1,2,2,1,1,2,1,1
994,1,1,2,1,2,1,2,2,0,1,2,1,1
995,1,1,2,1,2,1,2,2,0,1,2,1,1
996,2,1,2,2,1,1,2,2,1,1,2,1,1
997,1,1,1,1,2,1,2,2,0,1,2,1,1
998,1,1,2,1,2,1,2,2,0,1,2,1,1
999,1,1,1,0,2,1,1,2,1,1,1,1,1
1000,0,1,2,2,1,1,2,2,1,1,2,1,1
1001,0,1,2,2,1,1,2,2,1,1,2,1,1
1002,0,1,2,2,1,1,2,2,1,1,2,1,1
1003,1,1,1,1,2,1,1,1,0,1,1,1,1
1004,0,1,2,2,1,1,2,2,1,1,2,1,1
1005,2,1,2,2,1,1,2,2,1,1,2,1,1
1006,0,1,2,2,1,1,2,2,1,1,2,1,1
1007,1,1,1,1,2,1,2,2,1,1,2,1,1
1008,0,1,2,2,1,1,2,2,1,1,2,1,1
1009,1,1,2,1,2,1,2,1,0,1,2,1,1
1010,2,1,2,2,1,1,2,2,1,1,2,1,1
1011,1,1,2,1,2,1,2,2,1,1,2,1,1
1012,1,1,2,1,2,1,2,2,0,1,2,2,1
1013,1,1,1,1,2,1,2,2,0,1,2,1,1
1014,0,1,2,2,1,1,2,2,1,1,2,1,1
1015,1,1,2,1,2,1,2,2,0,1,2,1,1
1016,1,1,2,1,2,1,2,2,2,1,2,1,1
1017,1,1,2,1,2,1,2,2,0,1,2,1,1
1018,1,1,2,1,2,1,2,2,0,1,2,1,1
1019,1,1,1,1,1,1,2,2,2,1,2,1,1
1020,1,1,1,1,2,1,2,2,0,1,2,1,1
1021,2,1,2,2,1,1,2,2,1,1,2,1,1
1022,1,1,2,1,2,1,2,2,0,1,2,1,1
1023,0,1,2,1,2,1,1,1,0,1,2,1,1
1024,0,1,2,2,1,1,2,2,1,1,2,1,1
1025,1,1,1,1,2,1,2,2,2,1,2,1,1
1026,1,1,1,1,2,1,2,2,0,1,2,1,1
1027,1,1,1,1,2,1,2,2,0,1,2,2,1
1028,1,1,1,1,2,1,2,2,1,1,2,1,1
1029,1,1,1,1,2,1,2,2,0,1,2,1,1
1030,0,1,2,2,1,1,2,2,1,1,2,1,1
1031,1,1,2,1,2,1,2,2,1,1,2,1,1
1032,0,1,2,2,1,1,2,2,1,1,2,1,1
1033,1,1,2,2,2,1,2,2,0,1,2,1,1
1034,1,1,1,1,2,1,2,2,0,1,0,1,1
1035,1,1,1,1,2,1,2,2,2,1,2,1,1
1036,2,1,2,2,1,1,1,2,1,1,2,1,1
1037,1,1,2,1,2,1,2,2,0,1,2,1,1
1038,1,1,1,1,2,1,2,2,0,1,2,1,1
1039,1,1,1,1,2,1,1,1,2,1,2,1,1
1040,1,1,1,1,1,1,2,2,2,1,2,1,1
1041,0,1,2,2,1,1,1,2,1,1,2,1,1
1042,1,1,1,1,2,1,2,2,1,1,2,1,1
1043,1,1,1,1,2,1,2,2,2,1,2,1,1
1044,2,1,2,2,1,1,2,2,1,1,2,1,1
1045,1,1,2,1,2,1,2,2,0,1,2,1,1
1046,0,1,2,2,1,1,1,2,1,1,2,1,1
1047,1,1,1,1,2,1,2,2,1,1,2,1,1
1048,1,1,1,1,2,1,2,2,1,1,2,1,1
1049,1,1,1,1,2,1,2,2,2,0,2,1,1
1050,1,1,1,1,2,1,2,2,0,1,0,1,1
1051,1,1,1,1,2,1,2,2,0,1,2,1,1
1052,0,1,2,2,1,1,1,2,1,1,2,1,1
1053,0,1,2,2,1,1,2,2,1,1,2,1,1
1054,1,1,1,1,1,1,2,2,2,1,1,1,1
1055,0,1,2,2,1,1,1,2,1,1,2,1,1
1056,1,1,2,1,2,1,2,2,0,1,2,1,1
1057,1,1,2,1,2,1,2,2,0,1,0,1,1
1058,0,1,2,2,1,1,1,2,1,1,2,1,1
1059,2,1,2,2,1,1,2,2,1,1,2,1,1
1060,1,1,2,1,2,1,2,2,0,1,2,1,1
1061,1,1,1,1,2,1,2,2,1,1,2,1,1
1062,1,1,1,1,2,1,2,2,0,1,2,1,1
1063,1,1,1,1,2,1,2,1,0,1,2,1,1
1064,2,1,2,2,1,1,1,2,1,1,2,1,1
1065,1,1,1,1,2,1,2,1,0,1,2,1,1
1066,1,1,1,1,2,1,2,2,0,1,2,1,1
1067,1,1,1,1,2,1,2,2,0,0,1,1,1
1068,1,1,1,1,2,1,2,2,1,1,2,1,1
1069,0,1,2,2,1,1,1,2,1,1,2,1,1
1070,1,1,2,1,2,1,1,1,0,1,2,1,1
1071,1,1,1,1,2,1,2,2,1,1,2,1,1
1072,1,1,1,1,1,1,1,1,1,1,2,1,1
1073,2,1,2,2,1,1,1,2,1,1,2,1,1
1074,1,1,2,0,2,1,2,2,2,2,2,1,1
1075,2,1,2,2,1,1,1,2,1,1,2,1,1
1076,2,1,2,2,1,1,2,2,1,1,2,1,1
1077,1,1,2,2,2,1,2,2,1,1,1,1,1
1078,1,1,1,1,2,1,2,2,0,1,2,1,1
1079,2,1,2,2,1,1,2,2,1,1,2,1,1
1080,1,1,1,1,2,1,2,2,2,1,2,1,1
1081,1,1,1,1,1,1,2,2,2,1,2,1,1
1082,1,1,1,1,2,1,2,2,0,1,2,1,1
1083,1,1,1,1,2,1,2,2,0,1,2,1,1
1084,1,1,2,1,2,1,2,2,0,1,2,1,1
1085,1,1,2,1,2,1,2,2,2,1,2,1,1
1086,0,1,2,2,1,1,2,2,1,1,2,1,1
1087,1,1,1,1,2,1,2,1,1,1,2,1,1
1088,1,1,1,1,2,1,2,2,0,1,2,1,1
1089,2,1,2,2,1,1,2,2,1,1,2,1,1
1090,1,1,1,1,2,1,2,2,2,1,2,1,1
1091,1,1,1,1,2,1,1,1,0,1,2,1,1
1092,1,1,1,1,2,1,1,1,1,1,1,1,1
1093,1,1,1,2,2,1,1,1,2,1,2,1,1
1094,1,1,1,1,2,1,2,2,0,1,2,1,1
1095,1,1,2,1,2,1,2,2,0,1,2,1,1
1096,2,1,2,2,1,1,2,2,1,1,2,1,1
1097,1,1,1,1,2,1,1,1,0,1,2,1,1
1098,2,1,2,2,1,1,2,2,1,1,2,1,1
1099,1,1,1,1,2,1,2,2,0,1,2,1,1
1100,0,1,2,2,1,1,2,2,1,1,2,1,1
1101,1,1,1,0,2,1,2,2,0,1,1,1,1
1102,0,1,2,2,1,1,2,2,1,1,2,1,1
1103,1,1,2,1,2,1,1,1,2,1,2,1,1
1104,2,1,2,2,1,1,2,2,1,1,2,1,1
1105,1,1,2,1,2,1,2,2,0,1,2,1,1
1106,1,1,1,1,2,1,2,2,0,1,2,1,1
1107,1,1,2,1,2,1,2,2,2,1,2,1,1
1108,2,1,2,2,1,1,2,2,1,1,2,1,1
1109,1,1,2,1,2,1,2,2,2,1,2,1,1
1110,1,1,1,1,1,1,2,2,2,1,2,1,1
1111,2,1,2,1,2,1,2,2,0,1,2,1,1
1112,1,1,2,0,1,1,2,2,0,1,2,1,1
1113,1,1,1,1,2,1,2,2,2,1,2,1,1
1114,0,1,2,2,1,1,1,2,1,1,2,1,1
1115,1,1,1,1,2,1,2,2,1,1,2,1,1
1116,1,1,2,1,2,1,2,2,1,1,2,1,1
1117,1,1,2,1,2,1,2,2,0,1,2,1,1
1118,0,1,2,2,1,1,1,2,1,1,2,1,1
1119,1,1,2,1,2,1,2,2,1,1,2,1,1
1120,0,1,2,2,1,1,1,2,1,1,2,1,1
1121,0,1,2,2,1,1,2,2,1,1,2,1,1
1122,1,1,1,1,2,1,2,2,0,1,2,1,1
1123,1,1,1,1,2,1,2,2,2,1,2,1,1
1124,0,1,2,2,1,1,1,2,1,1,2,1,1
1125,1,1,1,1,2,1,2,2,2,1,2,1,1
1126,1,1,2,1,2,1,2,2,0,1,2,1,1
1127,1,1,2,1,2,1,2,2,0,1,2,1,1
1128,1,1,1,1,2,1,2,2,0,0,2,1,1
1129,1,1,1,0,2,1,2,2,2,1,2,1,1
1130,1,1,2,1,2,1,1,1,1,1,2,1,1
1131,1,1,2,1,2,1,2,2,0,1,2,1,1
1132,1,1,1,1,2,1,1,2,0,1,2,1,1
1133,1,1,2,1,2,1,2,2,0,1,2,1,1
1134,1,1,1,1,2,1,1,1,0,1,1,1,1
1135,0,1,2,2,1,1,1,2,1,1,2,1,1
1136,1,1,1,1,2,1,2,2,0,1,2,1,1
1137,2,1,2,2,1,1,2,2,1,1,2,1,1
1138,1,1,1,1,2,1,2,2,0,1,2,1,1
1139,1,1,2,0,2,1,1,2,1,1,1,1,1
1140,1,1,1,1,2,1,2,2,0,1,2,1,1
1141,1,1,1,1,2,1,2,2,0,1,2,1,1
1142,1,1,1,1,2,1,2,2,1,1,2,1,1
1143,1,1,1,1,2,1,2,2,0,1,2,1,1
1144,1,1,2,1,2,1,2,2,1,1,2,1,1
1145,1,1,2,0,2,1,2,2,2,1,2,1,1
1146,1,1,2,1,2,1,2,2,0,1,2,1,1
1147,1,1,1,1,2,1,2,1,0,1,2,1,1
1148,0,1,2,2,1,1,1,2,1,1,2,1,1
1149,1,1,1,1,2,1,2,2,2,1,2,1,1
1150,1,1,1,1,2,1,2,2,0,1,2,1,1
1151,1,1,1,0,2,1,2,2,0,1,2,1,1
1152,2,1,2,2,1,1,1,2,1,1,2,1,1
1153,1,1,2,1,2,1,2,2,0,1,2,1,1
1154,2,1,2,2,1,1,1,2,1,1,2,1,1
1155,1,1,1,0,2,1,2,2,0,1,2,1,1
1156,1,1,1,1,1,1,2,2,2,1,2,1,1
1157,1,1,2,1,2,1,2,2,0,1,2,1,1
1158,0,1,2,2,1,1,1,2,1,1,2,1,1
1159,2,1,2,2,1,1,2,2,1,1,2,1,1
1160,1,1,1,2,2,1,2,2,0,1,2,1,1
1161,1,1,2,1,2,1,2,2,1,1,2,1,1
1162,1,1,1,1,2,1,2,2,0,1,2,2,1
1163,0,1,2,2,1,1,1,2,1,1,2,1,1
1164,1,1,1,1,2,1,2,2,2,1,2,1,1
1165,1,1,1,1,2,1,2,2,1,1,2,1,1
1166,2,1,2,2,1,1,1,2,1,1,2,1,1
1167,1,1,1,0,2,1,2,2,1,1,2,1,1
1168,2,1,2,2,1,1,1,2,1,1,2,1,1
1169,1,1,1,1,2,1,2,2,2,1,2,1,1
1170,2,1,2,2,1,1,1,2,1,1,2,1,1
1171,1,1,1,1,1,1,2,2,0,1,0,1,1
1172,1,1,1,1,2,1,2,2,0,1,2,1,1
1173,2,1,2,2,1,1,2,2,1,1,2,1,1
1174,1,1,2,0,2,1,2,2,0,1,2,1,1
1175,1,1,2,1,2,1,2,1,0,1,2,1,1
1176,2,1,2,2,1,1,2,2,1,1,2,1,1
1177,0,1,2,2,1,1,2,2,1,1,2,1,1
1178,1,1,1,1,2,1,2,2,1,1,2,1,1
1179,1,1,1,1,1,1,2,2,2,1,1,1,1
1180,1,1,1,1,2,1,2,2,0,1,2,1,1
1181,1,1,1,1,2,1,2,2,0,1,2,1,1
1182,1,1,1,1,2,1,2,2,0,1,2,1,1
1183,1,1,2,1,2,1,2,2,0,1,2,1,1
1184,1,1,1,1,2,1,2,2,0,1,2,1,1
1185,1,1,1,1,2,1,2,2,0,1,2,1,1
1186,0,1,2,2,1,1,2,2,1,1,2,1,1
1187,1,1,2,1,2,1,2,2,0,1,2,1,1
1188,2,1,2,2,1,1,2,2,1,1,2,1,1
1189,0,1,2,1,2,1,2,2,0,1,2,1,1
1190,0,1,2,2,1,1,2,2,1,1,2,1,1
1191,2,1,2,2,1,1,2,2,1,1,2,1,1
1192,1,1,1,1,1,1,2,2,2,1,1,1,1
1193,1,1,2,1,2,1,2,2,0,1,2,1,1
1194,1,1,1,1,2,1,2,2,2,1,2,1,1
1195,1,1,1,1,1,1,2,2,2,1,1,1,1
1196,1,1,1,1,2,1,2,2,0,1,2,1,1
1197,2,1,2,2,1,1,2,2,1,1,2,1,1
1198,1,1,1,2,2,1,2,2,0,1,2,1,1
1199,1,1,2,1,2,1,2,2,0,1,2,1,1
1200,0,1,2,2,1,1,2,2,1,1,2,1,1
1201,0,1,2,2,1,1,2,2,1,1,2,1,1
1202,1,1,2,1,2,1,2,2,1,1,2,1,1
1203,1,1,2,1,2,1,2,1,0,1,2,1,1
1204,1,1,1,1,2,1,2,2,1,1,2,1,1
1205,1,1,2,2,2,1,2,2,0,1,2,1,1
1206,1,1,2,1,2,1,2,2,0,1,2,1,1
1207,1,1,1,1,2,1,2,2,1,1,2,1,1
1208,2,1,2,2,1,1,1,2,1,1,2,1,1
1209,1,1,1,1,2,1,2,2,0,1,2,1,1
1210,2,1,2,2,1,1,1,2,1,1,2,1,1
1211,1,1,2,1,1,1,2,2,2,1,2,1,1
1212,1,1,1,1,2,1,1,1,0,1,2,1,1
1213,1,1,2,1,2,1,1,1,0,1,2,1,1
1214,1,1,1,1,2,1,2,2,2,1,2,1,1
1215,1,1,2,1,2,1,2,2,2,0,2,1,1
1216,0,1,2,2,2,1,2,2,0,1,2,1,1
1217,0,1,2,2,1,1,1,2,1,1,2,1,1
1218,2,1,2,2,1,1,2,2,1,1,2,1,1
1219,0,1,1,2,2,1,2,2,2,1,2,1,1
1220,1,1,1,1,2,1,2,2,0,1,2,1,1
1221,1,1,1,1,2,1,1,2,0,1,2,1,1
1222,1,1,1,1,2,1,2,2,1,1,2,1,1
1223,1,1,1,1,2,1,2,2,0,1,2,1,1
1224,1,1,1,1,2,1,2,2,1,1,1,1,1
1225,1,1,2,0,2,1,1,1,0,1,2,1,1
1226,0,1,2,2,1,1,1,2,1,1,2,1,1
1227,0,1,2,2,1,1,1,2,1,1,2,1,1
1228,1,1,2,1,2,1,2,2,0,1,2,1,1
1229,1,1,1,1,2,1,2,2,0,1,1,1,1
1230,1,1,1,1,2,1,2,2,0,1,2,1,1
1231,1,1,1,1,2,1,2,2,1,1,2,1,1
1232,1,1,1,1,2,1,1,1,1,1,2,1,1
1233,2,1,2,2,1,1,1,2,1,1,2,1,1
1234,1,1,1,1,2,1,2,2,0,1,2,1,1
1235,0,1,2,2,1,1,1,2,1,1,2,1,1
1236,0,1,2,2,1,1,2,2,1,1,2,1,1
1237,1,1,1,1,2,1,2,2,0,1,2,1,1
1238,0,1,2,2,1,1,1,2,1,1,2,1,1
1239,2,1,2,2,1,1,2,2,1,1,2,1,1
1240,1,1,1,1,2,1,1,1,0,1,2,1,1
1241,1,1,1,1,2,1,1,1,1,0,2,1,1
1242,1,1,1,1,2,1,2,2,2,1,2,1,1
1243,1,1,1,1,2,1,2,1,2,1,2,1,1
1244,1,1,2,1,2,1,2,2,0,1,2,1,1
1245,1,1,1,1,2,1,2,2,0,1,2,1,1
1246,1,1,2,0,2,1,2,1,0,1,2,1,1
1247,1,1,2,2,2,1,2,2,0,1,2,1,1
1248,0,1,2,2,1,1,2,2,1,1,2,1,1
1249,1,1,2,1,2,1,2,2,0,1,2,1,1
1250,1,1,1,1,2,1,2,2,2,1,2,1,1
1251,1,1,1,0,2,1,2,2,1,1,1,1,1
1252,1,1,2,1,2,1,2,2,0,1,2,1,1
1253,1,1,1,1,2,1,2,2,1,1,0,1,1
1254,0,1,2,2,1,1,2,2,1,1,2,1,1
1255,1,1,1,1,2,1,2,2,2,1,2,1,1
1256,2,1,2,2,1,1,2,2,1,1,2,1,1
1257,0,1,2,2,1,1,2,2,1,1,2,1,1
1258,0,1,2,2,1,1,2,2,1,1,2,1,1
1259,2,1,2,2,1,1,2,2,1,1,2,1,1
1260,1,1,1,1,2,1,2,2,1,1,2,1,1
1261,1,1,1,1,2,1,2,2,0,1,2,1,1
1262,1,1,1,2,2,1,2,2,2,1,2,1,1
1263,1,1,2,1,2,1,2,2,0,1,2,1,1
1264,1,1,1,1,2,1,2,2,0,1,2,1,1
1265,2,1,2,2,1,1,2,2,1,1,2,1,1
1266,1,1,1,1,2,1,2,2,2,1,2,1,1
1267,0,1,2,2,1,1,2,2,1,1,2,1,1
1268,0,1,2,2,1,1,2,2,1,1,2,1,1
1269,1,1,2,1,2,1,2,1,0,1,2,1,1
1270,1,1,1,1,2,1,2,2,0,1,0,1,1
1271,0,1,2,2,1,1,1,2,1,1,2,1,1
1272,1,1,1,1,2,1,2,2,0,1,2,1,1
1273,2,1,2,2,1,1,2,2,1,1,2,1,1
1274,1,1,1,1,1,1,2,2,2,1,2,1,1
1275,1,1,2,1,2,1,2,2,0,1,2,1,1
1276,1,1,1,1,2,1,2,2,0,1,2,1,1
1277,1,1,1,1,1,1,2,1,2,1,1,1,1
1278,0,1,2,2,1,1,1,2,1,1,2,1,1
1279,0,1,2,2,1,1,2,2,1,1,2,1,1
1280,1,1,2,1,2,1,2,2,0,1,2,1,1
1281,1,1,1,1,2,1,2,2,0,1,2,2,1
1282,2,1,2,2,1,1,1,2,1,1,2,1,1
1283,1,1,2,1,2,1,2,2,0,1,2,1,1
1284,1,1,2,0,2,1,2,2,1,1,2,1,1
1285,1,1,1,1,2,1,2,1,1,1,2,1,1
1286,1,1,1,1,2,1,2,2,0,1,2,1,1
1287,1,1,1,1,2,1,2,2,0,1,2,1,1
1288,1,1,1,1,1,1,2,1,2,1,1,1,1
1289,1,1,1,1,2,1,1,1,1,1,2,1,1
1290,1,1,2,1,2,1,2,2,1,1,2,1,1
1291,0,1,2,1,2,1,2,2,0,1,2,1,1
1292,1,1,1,1,2,1,2,2,0,1,2,1,1
1293,0,1,2,2,1,1,1,2,1,1,2,1,1
1294,0,1,2,2,1,1,2,2,1,1,2,1,1
1295,0,1,2,2,1,1,2,2,1,1,2,1,1
1296,1,1,1,1,2,1,2,2,0,1,2,1,1
1297,1,1,1,2,2,1,2,2,0,1,2,1,1
1298,1,1,1,1,2,1,1,1,1,1,2,1,1
1299,1,1,1,1,2,1,2,2,2,1,2,1,1
1300,0,1,2,2,1,1,1,2,1,1,2,1,1
1301,1,1,2,1,2,1,2,1,0,1,2,1,1
1302,1,1,1,1,1,1,2,2,1,1,1,1,1
1303,0,1,2,2,1,1,1,2,1,1,2,1,1
1304,0,1,2,2,1,1,2,2,1,1,2,1,1
1305,1,1,2,1,2,1,2,2,0,1,2,1,1
1306,1,1,2,1,2,1,2,2,2,1,2,1,1
1307,0,1,2,2,1,1,1,2,1,1,2,1,1
1308,1,1,2,1,2,1,2,2,2,1,2,1,1
1309,1,1,2,1,2,1,2,2,2,1,2,1,1
1310,2,1,2,2,1,1,1,2,1,1,2,1,1
1311,0,1,2,2,1,1,2,2,1,1,2,1,1
1312,1,1,2,0,2,1,2,2,0,1,2,1,1
1313,1,1,1,1,2,1,2,2,2,1,2,1,1
1314,2,1,2,2,1,1,1,2,1,1,2,1,1
1315,1,1,1,2,2,1,2,2,0,1,2,1,1
1316,0,1,2,2,1,1,1,2,1,1,2,1,1
1317,1,1,1,1,2,1,2,2,1,1,2,1,1
1318,2,1,2,2,1,1,1,2,1,1,2,1,1
1319,0,1,2,2,1,1,2,2,1,1,2,1,1
1320,1,1,1,1,2,1,2,2,1,1,2,1,1
1321,1,1,2,1,2,1,2,2,1,1,2,1,1
1322,0,1,2,2,1,1,1,2,1,1,2,1,1
1323,1,1,1,1,2,1,2,2,1,1,2,1,1
1324,1,1,1,1,1,1,2,2,1,1,2,1,1
1325,0,1,2,2,1,1,1,2,1,1,2,1,1
1326,1,1,2,1,2,1,2,2,2,1,2,1,1
1327,2,1,2,2,1,1,1,2,1,1,2,1,1
1328,1,1,2,1,2,1,1,1,0,1,2,1,1
1329,1,1,1,1,2,1,2,2,0,1,2,1,1
1330,1,1,1,1,2,1,2,2,1,1,2,1,1
1331,0,1,2,2,1,1,1,2,1,1,2,1,1
1332,1,1,2,1,2,1,2,1,0,1,2,1,1
1333,1,1,2,1,2,1,2,2,0,1,2,1,1
1334,1,1,1,1,2,1,2,2,1,1,2,1,1
1335,1,1,1,1,1,1,2,2,1,1,2,1,1
1336,1,1,2,1,2,1,2,2,0,1,2,1,1
1337,1,1,1,1,2,1,2,2,2,1,2,1,1
1338,1,1,1,1,1,1,2,1,2,1,2,1,1
1339,1,1,2,1,2,1,2,2,0,1,0,1,1
1340,1,1,2,1,2,1,2,2,0,1,2,1,1
1341,1,1,1,1,2,1,2,2,0,1,2,1,1
1342,1,1,2,1,2,1,2,2,0,1,2,1,1
1343,1,1,1,1,2,1,2,1,1,1,0,1,1
1344,1,1,1,1,2,1,2,2,0,1,2,1,1
1345,0,1,2,2,1,1,1,2,1,1,2,1,1
1346,1,1,1,1,2,1,2,2,1,1,2,1,1
1347,1,1,1,1,2,1,2,2,2,1,2,1,1
1348,1,1,1,2,2,1,1,2,2,1,1,1,1
1349,1,1,1,1,2,1,1,1,2,1,2,1,1
1350,1,1,2,1,2,1,2,2,0,1,2,1,1
1351,1,1,2,1,2,1,2,1,0,1,2,1,1
1352,2,1,2,2,1,1,1,2,1,1,2,1,1
1353,1,1,1,1,2,1,2,2,0,1,2,1,1
1354,1,1,2,1,2,1,2,2,0,1,2,1,1
1355,0,1,2,2,1,1,1,2,1,1,2,1,1
1356,1,1,1,0,2,2,1,1,1,1,2,1,1
1357,1,1,2,1,2,1,2,2,1,1,2,1,1
1358,1,1,2,1,2,1,2,2,0,1,2,1,1
1359,1,1,1,1,2,1,2,2,2,1,2,1,1
1360,2,1,2,2,1,1,1,2,1,1,2,1,1
1361,1,1,2,1,2,1,2,2,0,1,2,1,1
1362,2,1,2,2,1,1,1,2,1,1,2,1,1
1363,1,1,1,1,2,1,2,2,1,1,2,1,1
1364,2,1,2,2,1,1,1,2,1,1,2,1,1
1365,2,1,2,2,1,1,2,2,1,1,2,1,1
1366,1,1,2,1,2,1,2,2,2,1,2,1,1
1367,1,1,1,1,2,1,1,1,1,1,2,1,1
1368,0,1,2,2,1,1,2,2,1,1,2,1,1
1369,1,1,2,1,2,1,2,2,2,1,2,1,1
1370,0,1,2,2,1,1,2,2,1,1,2,1,1
1371,1,1,2,1,2,1,2,2,0,1,2,1,1
1372,0,1,2,2,1,1,2,2,1,1,2,1,1
1373,1,1,2,1,2,1,2,1,0,1,2,1,1
1374,1,1,2,1,2,1,2,1,0,1,2,1,1
1375,1,1,1,1,2,1,2,2,0,1,2,1,1
1376,1,1,1,1,2,1,2,2,0,0,2,1,1
1377,0,1,2,2,1,1,2,2,1,1,2,1,1
1378,1,1,1,1,2,1,2,2,0,1,0,1,1
1379,2,1,2,2,1,1,1,2,1,1,2,1,1
1380,1,1,1,1,2,1,2,2,1,1,2,1,1
1381,1,1,1,1,2,1,2,2,0,1,2,1,1
1382,1,1,2,1,2,1,2,2,0,1,2,2,1
1383,1,1,1,1,2,1,2,2,1,1,2,1,1
1384,2,1,2,2,1,1,1,2,1,1,2,1,1
1385,1,1,1,1,2,1,2,2,0,1,2,1,1
1386,0,1,2,2,1,1,1,2,1,1,2,1,1
1387,0,1,2,1,2,1,2,2,0,1,2,1,1
1388,0,1,2,1,2,1,2,2,0,1,2,1,1
1389,1,1,1,1,2,1,2,2,0,1,2,1,1
1390,1,1,1,1,2,1,2,2,0,1,2,1,1
1391,0,1,2,2,1,1,1,2,1,1,2,1,1
1392,1,1,1,1,2,1,2,2,0,1,2,1,1
1393,1,1,2,1,2,1,2,2,0,1,2,1,1
1394,1,1,1,1,2,1,2,2,0,1,2,1,1
1395,1,1,1,1,2,1,2,2,0,1,2,1,1
1396,1,1,2,1,2,1,2,2,0,1,2,1,1
1397,1,1,1,1,2,1,2,2,2,1,2,1,1
1398,0,1,2,2,1,1,1,2,1,1,2,1,1
1399,1,1,1,1,2,1,2,2,2,1,2,1,1
1400,2,1,2,2,1,1,1,2,1,1,2,1,1
1401,1,1,2,1,2,1,2,2,0,1,2,1,1
1402,0,1,2,2,1,1,1,2,1,1,2,1,1
1403,1,1,1,1,2,1,2,2,1,1,0,1,1
1404,2,1,2,2,1,1,1,2,1,1,2,1,1
1405,0,1,2,2,1,1,2,2,1,1,2,1,1
1406,1,1,2,1,2,1,2,2,0,1,2,1,1
1407,0,1,2,2,1,1,2,2,1,1,2,1,1
1408,1,1,1,1,2,1,2,2,0,1,2,1,1
1409,1,1,1,1,2,1,2,2,2,1,2,1,1
1410,0,1,2,2,1,1,2,2,1,1,2,1,1
1411,1,1,1,1,2,1,2,1,0,1,2,1,1
1412,1,1,1,1,1,1,2,2,2,1,1,1,1
1413,1,1,1,1,1,1,2,2,0,1,2,1,1
1414,1,1,2,1,2,2,2,2,1,1,2,1,1
1415,1,1,2,1,1,1,2,2,2,1,1,1,1
1416,2,1,2,2,1,1,2,2,1,1,2,1,1
1417,1,1,1,1,2,1,2,2,0,1,2,1,1
1418,1,1,1,1,2,1,2,2,0,1,0,1,1
1419,1,1,2,1,2,1,2,1,0,1,2,1,1
1420,0,1,2,2,1,1,1,2,1,1,2,1,1
1421,0,1,2,2,1,1,2,2,1,1,2,1,1
1422,1,1,1,1,2,1,2,2,0,1,2,1,1
1423,2,1,2,2,1,1,1,2,1,1,2,1,1
1424,1,1,2,1,2,1,2,2,0,1,2,1,1
1425,1,1,1,1,2,1,2,1,0,1,2,1,1
1426,1,1,1,1,2,1,2,2,1,1,2,1,1
1427,1,1,2,2,2,1,2,2,0,1,2,1,1
1428,1,1,1,0,2,1,2,2,0,1,2,1,1
1429,0,1,2,2,1,1,1,2,1,1,2,1,1
1430,2,1,2,2,1,1,2,2,1,1,2,1,1
1431,0,1,2,1,2,1,2,2,0,1,2,1,1
1432,0,1,2,2,1,1,1,2,1,1,2,1,1
1433,1,1,2,1,2,1,2,2,1,1,1,1,1
1434,0,1,2,2,1,1,1,2,1,1,2,1,1
1435,0,1,2,2,1,1,2,2,1,1,2,1,1
1436,1,1,1,1,2,1,2,2,0,1,2,1,1
1437,2,1,2,1,2,1,2,2,1,1,2,1,1
1438,1,1,1,1,2,1,2,2,0,1,2,1,1
1439,1,1,1,1,2,1,1,1,1,1,2,1,1
1440,1,1,1,1,2,1,2,2,0,1,2,1,1
1441,0,1,2,2,1,1,1,2,1,1,2,1,1
1442,1,1,2,1,2,1,2,2,0,1,2,1,1
1443,0,1,1,2,2,1,1,1,0,1,2,1,1
1444,1,1,2,2,2,1,2,2,0,1,2,1,1
1445,1,1,2,1,2,1,2,2,0,1,2,1,1
1446,1,1,1,1,2,1,2,2,0,1,2,1,1
1447,0,1,2,2,1,1,1,2,1,1,2,1,1
1448,1,1,1,1,2,1,2,2,2,0,2,1,1
1449,0,1,2,2,1,1,1,2,1,1,2,1,1
1450,1,1,1,2,2,1,1,2,2,1,2,1,1
1451,1,1,1,1,1,1,2,2,2,1,2,1,1
1452,0,1,2,1,2,1,2,2,0,1,2,1,1
1453,1,1,1,1,2,1,2,2,0,1,2,1,1
1454,1,1,1,1,2,1,2,2,0,1,2,1,1
1455,1,1,1,1,2,1,1,1,1,1,2,1,1
1456,1,1,2,1,2,1,2,2,0,1,2,1,1
1457,1,1,1,1,2,1,2,2,0,1,2,1,1